-- --------------------------------------------------------
-- 主机:                           127.0.0.1
-- 服务器版本:                        10.1.20-MariaDB - mariadb.org binary distribution
-- 服务器操作系统:                      Win64
-- HeidiSQL 版本:                  9.4.0.5125
-- --------------------------------------------------------

/*!40101 SET @OLD_CHARACTER_SET_CLIENT=@@CHARACTER_SET_CLIENT */;
/*!40101 SET NAMES utf8 */;
/*!50503 SET NAMES utf8mb4 */;
/*!40014 SET @OLD_FOREIGN_KEY_CHECKS=@@FOREIGN_KEY_CHECKS, FOREIGN_KEY_CHECKS=0 */;
/*!40101 SET @OLD_SQL_MODE=@@SQL_MODE, SQL_MODE='NO_AUTO_VALUE_ON_ZERO' */;

-- 导出  表 ankang.busilog 结构
CREATE TABLE IF NOT EXISTS `busilog` (
  `log_id` int(11) NOT NULL AUTO_INCREMENT COMMENT '日志编号，主键，唯一',
  `un_id` int(11) DEFAULT NULL COMMENT '操作人编号',
  `log_busitype` varchar(30) DEFAULT NULL COMMENT '操作类型',
  `log_busimasg` varchar(200) DEFAULT NULL COMMENT '操作业务',
  `log_addtime` datetime DEFAULT NULL COMMENT '操作时间',
  PRIMARY KEY (`log_id`)
) ENGINE=InnoDB AUTO_INCREMENT=5220 DEFAULT CHARSET=utf8 COMMENT='操作日志信息表';

-- 正在导出表  ankang.busilog 的数据：~3,205 rows (大约)
/*!40000 ALTER TABLE `busilog` DISABLE KEYS */;
INSERT INTO `busilog` (`log_id`, `un_id`, `log_busitype`, `log_busimasg`, `log_addtime`) VALUES
	(2015, 1, '修改', '进行用户停用操作', '2017-12-28 00:00:00'),
	(2016, 1, '修改', '进行用户详细信息的修改操作', '2017-12-28 00:00:00'),
	(2017, 1, '修改', '进行用户详细信息的修改操作', '2017-12-28 00:00:00'),
	(2018, 1, '修改', '进行用户详细信息的修改操作', '2017-12-28 00:00:00'),
	(2019, 1, '修改', '进行用户详细信息的修改操作', '2017-12-28 00:00:00'),
	(2020, 1, '修改', '进行用户详细信息的修改操作', '2017-12-28 00:00:00'),
	(2021, 1, '修改', '进行用户详细信息的修改操作', '2017-12-28 00:00:00'),
	(2022, 1, '修改', '进行用户详细信息的修改操作', '2017-12-28 00:00:00'),
	(2023, 1, '修改', '进行用户停用操作', '2017-12-28 00:00:00'),
	(2024, 1, '修改', '进行用户停用操作', '2017-12-28 00:00:00'),
	(2025, 1, '修改', '进行用户停用操作', '2017-12-28 00:00:00'),
	(2026, 1, '修改', '进行用户停用操作', '2017-12-28 00:00:00'),
	(2027, 1, '修改', '进行用户停用操作', '2017-12-28 00:00:00'),
	(2028, 1, '修改', '进行用户详细信息的修改操作', '2017-12-28 00:00:00'),
	(2029, 1, '修改', '进行用户详细信息的修改操作', '2017-12-28 00:00:00'),
	(2030, 1, '修改', '进行用户详细信息的修改操作', '2017-12-28 00:00:00'),
	(2031, 1, '修改', '进行用户详细信息的修改操作', '2017-12-28 00:00:00'),
	(2032, 1, '修改', '进行用户停用操作', '2017-12-28 00:00:00'),
	(2033, 1, '修改', '进行用户停用操作', '2017-12-28 00:00:00'),
	(2034, 1, '修改', '进行用户停用操作', '2017-12-28 00:00:00'),
	(2035, 1, '修改', '进行用户停用操作', '2017-12-28 00:00:00'),
	(2036, 1, '修改', '进行用户停用操作', '2017-12-28 00:00:00'),
	(2037, 1, '修改', '进行用户停用操作', '2017-12-28 00:00:00'),
	(2038, 1, '修改', '进行用户停用操作', '2017-12-28 00:00:00'),
	(2039, 1, '修改', '进行用户停用操作', '2017-12-28 00:00:00'),
	(2040, 1, '修改', '进行用户停用操作', '2017-12-28 00:00:00'),
	(2041, 1, '修改', '进行用户停用操作', '2017-12-28 00:00:00'),
	(2042, 1, '修改', '进行用户停用操作', '2017-12-28 00:00:00'),
	(2043, 1, '修改', '进行用户停用操作', '2017-12-28 00:00:00'),
	(2044, 1, '修改', '进行用户停用操作', '2017-12-28 00:00:00'),
	(2045, 1, '修改', '进行用户停用操作', '2017-12-28 00:00:00'),
	(2046, 1, '修改', '进行用户停用操作', '2017-12-28 00:00:00'),
	(2047, 1, '修改', '进行用户停用操作', '2017-12-28 00:00:00'),
	(2048, 1, '修改', '进行用户停用操作', '2017-12-28 00:00:00'),
	(2049, 1, '修改', '进行用户停用操作', '2017-12-28 00:00:00'),
	(2050, 1, '修改', '进行用户停用操作', '2017-12-28 00:00:00'),
	(2051, 1, '修改', '进行用户停用操作', '2017-12-28 00:00:00'),
	(2052, 1, '修改', '进行用户停用操作', '2017-12-28 00:00:00'),
	(2053, 1, '修改', '进行用户停用操作', '2017-12-28 00:00:00'),
	(2054, 1, '修改', '进行用户停用操作', '2017-12-28 00:00:00'),
	(2055, 1, '修改', '进行用户详细信息的修改操作', '2017-12-28 00:00:00'),
	(2056, 1, '修改', '进行用户停用操作', '2017-12-28 00:00:00'),
	(2057, 1, '修改', '进行用户详细信息的修改操作', '2017-12-28 00:00:00'),
	(2058, 1, '修改', '进行用户详细信息的修改操作', '2017-12-28 00:00:00'),
	(2059, 1, '修改', '进行用户详细信息的修改操作', '2017-12-28 00:00:00'),
	(2060, 1, '修改', '进行用户详细信息的修改操作', '2017-12-28 00:00:00'),
	(2061, 1, '修改', '进行用户详细信息的修改操作', '2017-12-28 00:00:00'),
	(2062, 1, '修改', '进行用户详细信息的修改操作', '2017-12-28 00:00:00'),
	(2063, 1, '修改', '进行用户详细信息的修改操作', '2017-12-28 00:00:00'),
	(2064, 1, '修改', '进行用户详细信息的修改操作', '2017-12-28 00:00:00'),
	(2065, 1, '修改', '进行用户停用操作', '2017-12-28 00:00:00'),
	(2066, 1, '修改', '进行用户详细信息的修改操作', '2017-12-28 00:00:00'),
	(2067, 1, '修改', '进行用户详细信息的修改操作', '2017-12-28 00:00:00'),
	(2068, 1, '修改', '进行用户详细信息的修改操作', '2017-12-28 00:00:00'),
	(2069, 1, '修改', '进行用户详细信息的修改操作', '2017-12-28 17:53:27'),
	(2070, 1, '修改', '进行用户详细信息的修改操作', '2017-12-28 18:36:53'),
	(2071, 1, '修改', '进行用户详细信息的修改操作', '2017-12-28 18:42:20'),
	(2072, 1, '修改', '进行用户详细信息的修改操作', '2017-12-28 18:48:54'),
	(2073, 1, '修改', '进行用户详细信息的修改操作', '2017-12-28 18:52:59'),
	(2074, 1, '修改', '进行用户详细信息的修改操作', '2017-12-28 18:53:29'),
	(2075, 1, '修改', '进行用户详细信息的修改操作', '2017-12-28 18:53:33'),
	(2076, 1, '修改', '进行用户详细信息的修改操作', '2017-12-28 18:56:38'),
	(2077, 1, '修改', '进行用户详细信息的修改操作', '2017-12-28 18:57:38'),
	(2078, 1, '修改', '进行用户停用操作', '2017-12-28 19:01:49'),
	(2079, 1, '修改', '进行用户停用操作', '2017-12-28 19:01:52'),
	(2080, 1, '修改', '进行用户详细信息的修改操作', '2017-12-28 19:10:59'),
	(2081, 1, '修改', '进行用户详细信息的修改操作', '2017-12-28 19:12:39'),
	(2082, 1, '修改', '进行用户详细信息的修改操作', '2017-12-28 19:13:18'),
	(2083, 1, '修改', '进行用户详细信息的修改操作', '2017-12-28 19:20:44'),
	(2084, 1, '修改', '进行用户停用操作', '2017-12-28 19:43:16'),
	(2085, 1, '修改', '进行用户停用操作', '2017-12-28 19:43:20'),
	(2086, 1, '修改', '进行用户停用操作', '2017-12-28 19:44:09'),
	(2087, 1, '修改', '进行用户停用操作', '2017-12-28 19:46:02'),
	(2088, 1, '修改', '进行用户详细信息的修改操作', '2017-12-28 20:13:25'),
	(2089, 1, '修改', '进行用户详细信息的修改操作', '2017-12-28 20:13:55'),
	(2090, 1, '修改', '进行用户详细信息的修改操作', '2017-12-28 20:14:32'),
	(2091, 1, '修改', '进行用户详细信息的修改操作', '2017-12-28 20:14:56'),
	(2092, 1, '修改', '进行用户详细信息的修改操作', '2017-12-28 20:15:25'),
	(2093, 1, '修改', '进行用户详细信息的修改操作', '2017-12-28 20:16:05'),
	(2094, 1, '修改', '进行用户详细信息的修改操作', '2017-12-28 20:16:27'),
	(2095, 1, '修改', '进行用户详细信息的修改操作', '2017-12-28 20:16:43'),
	(2096, 1, '修改', '进行用户详细信息的修改操作', '2017-12-28 20:16:57'),
	(2097, 1, '修改', '进行用户详细信息的修改操作', '2017-12-28 20:17:41'),
	(2098, 1, '修改', '进行用户详细信息的修改操作', '2017-12-28 20:17:51'),
	(2099, 1, '修改', '进行用户详细信息的修改操作', '2017-12-28 20:18:49'),
	(2100, 1, '修改', '进行用户详细信息的修改操作', '2017-12-28 20:19:13'),
	(2101, 1, '修改', '进行用户详细信息的修改操作', '2017-12-28 20:20:52'),
	(2102, 1, '修改', '进行用户详细信息的修改操作', '2017-12-28 20:22:41'),
	(2103, 1, '修改', '进行用户详细信息的修改操作', '2017-12-28 20:22:56'),
	(2104, 1, '修改', '进行用户详细信息的修改操作', '2017-12-28 20:23:23'),
	(2105, 1, '修改', '进行用户详细信息的修改操作', '2017-12-28 20:24:09'),
	(2106, 1, '修改', '进行用户详细信息的修改操作', '2017-12-28 20:24:37'),
	(2107, 1, '修改', '进行用户详细信息的修改操作', '2017-12-28 20:24:48'),
	(2108, 1, '修改', '进行用户停用操作', '2017-12-28 20:31:15'),
	(2109, 1, '修改', '进行用户停用操作', '2017-12-28 20:31:18'),
	(2110, 1, '修改', '进行用户停用操作', '2017-12-28 20:31:21'),
	(2111, 1, '修改', '进行用户停用操作', '2017-12-28 20:34:24'),
	(2112, 1, '修改', '进行用户停用操作', '2017-12-28 20:55:37'),
	(2113, 1, '修改', '进行用户停用操作', '2017-12-28 20:57:10'),
	(2114, 1, '修改', '进行用户停用操作', '2017-12-28 21:00:45'),
	(2115, 1, '修改', '进行用户停用操作', '2017-12-28 21:03:45'),
	(2116, 1, '修改', '进行用户还原操作', '2017-12-28 21:09:47'),
	(2117, 1, '修改', '进行用户还原操作', '2017-12-28 21:09:54'),
	(2118, 1, '修改', '进行用户还原操作', '2017-12-28 21:10:28'),
	(2119, 1, '修改', '进行用户停用操作', '2017-12-28 21:12:11'),
	(2120, 1, '修改', '进行用户停用操作', '2017-12-28 21:12:15'),
	(2121, 1, '修改', '进行用户停用操作', '2017-12-28 21:12:18'),
	(2122, 1, '修改', '进行用户停用操作', '2017-12-28 21:12:20'),
	(2123, 1, '修改', '进行用户还原操作', '2017-12-28 21:13:13'),
	(2124, 1, '修改', '进行用户停用操作', '2017-12-28 21:13:48'),
	(2125, 1, '修改', '进行用户停用操作', '2017-12-28 21:13:52'),
	(2126, 1, '修改', '进行用户停用操作', '2017-12-28 21:15:08'),
	(2127, 1, '修改', '进行用户停用操作', '2017-12-28 21:15:11'),
	(2128, 1, '修改', '进行用户还原操作', '2017-12-29 09:02:13'),
	(2129, 1, '修改', '冻结账号2', '2017-12-29 09:03:53'),
	(2130, 1, '修改', '冻结账号2', '2017-12-29 09:03:54'),
	(2131, 1, '修改', '冻结账号2', '2017-12-29 09:03:55'),
	(2132, 1, '修改', '冻结账号2', '2017-12-29 09:03:57'),
	(2133, 1, '修改', '冻结账号2', '2017-12-29 09:03:57'),
	(2134, 1, '修改', '冻结账号2', '2017-12-29 09:03:57'),
	(2135, 1, '修改', '冻结账号2', '2017-12-29 09:04:01'),
	(2136, 1, '修改', '冻结账号2', '2017-12-29 09:04:01'),
	(2137, 1, '修改', '冻结账号2', '2017-12-29 09:04:01'),
	(2138, 1, '修改', '冻结账号2', '2017-12-29 09:04:01'),
	(2139, 1, '修改', '冻结账号2', '2017-12-29 09:04:01'),
	(2140, 1, '修改', '冻结账号2', '2017-12-29 09:04:05'),
	(2141, 1, '修改', '冻结账号2', '2017-12-29 09:04:06'),
	(2142, 1, '修改', '冻结账号2', '2017-12-29 09:04:08'),
	(2143, 1, '修改', '冻结账号2', '2017-12-29 09:04:24'),
	(2144, 1, '修改', '冻结账号2', '2017-12-29 09:04:31'),
	(2145, 1, '修改', '冻结账号2', '2017-12-29 09:04:36'),
	(2146, 1, '修改', '冻结账号2', '2017-12-29 09:05:12'),
	(2147, 1, '修改', '冻结账号2', '2017-12-29 09:05:23'),
	(2148, 1, '修改', '冻结账号2', '2017-12-29 09:05:23'),
	(2149, 1, '修改', '冻结账号2', '2017-12-29 09:05:27'),
	(2150, 0, '添加', '进行添加', '2017-12-29 09:09:41'),
	(2151, 1, '修改', '冻结账号2', '2017-12-29 09:15:26'),
	(2152, 1, '修改', '冻结账号2', '2017-12-29 09:19:04'),
	(2153, 1, '修改', '冻结账号2', '2017-12-29 09:19:10'),
	(2154, 1, '修改', '冻结账号2', '2017-12-29 09:19:42'),
	(2155, 1, '修改', '冻结账号2', '2017-12-29 09:19:50'),
	(2156, 1, '修改', '冻结账号2', '2017-12-29 09:19:55'),
	(2157, 1, '修改', '冻结账号2', '2017-12-29 09:20:19'),
	(2158, 1, '修改', '冻结账号4', '2017-12-29 09:30:54'),
	(2159, 1, '修改', '冻结账号5', '2017-12-29 09:33:23'),
	(2160, 1, '修改', '冻结账号6', '2017-12-29 09:34:59'),
	(2161, 1, '修改', '冻结账号7', '2017-12-29 09:35:13'),
	(2162, 1, '修改', '冻结账号7', '2017-12-29 09:35:16'),
	(2163, 1, '修改', '解冻账号7', '2017-12-29 09:35:44'),
	(2164, 1, '修改', '解冻账号1', '2017-12-29 09:39:54'),
	(2165, 1, '修改', '冻结账号7', '2017-12-29 09:40:06'),
	(2166, 1, '修改', '解冻账号2', '2017-12-29 09:44:15'),
	(2167, 1, '修改', '冻结账号2', '2017-12-29 09:45:26'),
	(2168, 1, '修改', '冻结账号2', '2017-12-29 09:45:29'),
	(2169, 1, '修改', '冻结账号1', '2017-12-29 09:46:22'),
	(2170, 1, '修改', '冻结账号8', '2017-12-29 09:46:27'),
	(2171, 1, '修改', '解冻账号4', '2017-12-29 09:46:31'),
	(2172, 1, '修改', '解冻账号1', '2017-12-29 09:48:16'),
	(2173, 1, '修改', '解冻账号2', '2017-12-29 09:48:42'),
	(2174, 1, '修改', '解冻账号5', '2017-12-29 09:49:21'),
	(2175, 1, '添加', '进行添加报案单', '2017-12-29 09:55:35'),
	(2176, 1, '添加', '进行添加报案单', '2017-12-29 09:55:35'),
	(2177, 1, '添加', '进行添加报案单', '2017-12-29 09:57:47'),
	(2178, 1, '添加', '进行添加报案单', '2017-12-29 09:57:47'),
	(2179, 1, '添加', '进行添加报案单', '2017-12-29 09:57:49'),
	(2180, 1, '添加', '进行添加报案单', '2017-12-29 09:57:49'),
	(2181, 1, '修改', '解冻账号6', '2017-12-29 10:01:13'),
	(2182, 1, '修改', '进行用户停用操作', '2017-12-29 10:07:16'),
	(2183, 1, '修改', '进行用户停用操作', '2017-12-29 10:07:39'),
	(2184, 1, '修改', '进行用户停用操作', '2017-12-29 10:08:07'),
	(2185, 1, '添加', '进行添加报案单', '2017-12-29 10:10:30'),
	(2186, 1, '添加', '进行添加报案单', '2017-12-29 10:10:30'),
	(2187, 1, '添加', '进行添加报案单', '2017-12-29 10:11:54'),
	(2188, 1, '添加', '进行添加报案单', '2017-12-29 10:11:54'),
	(2189, 1, '添加', '进行添加报案单', '2017-12-29 10:12:39'),
	(2190, 1, '添加', '进行添加报案单', '2017-12-29 10:12:39'),
	(2191, 1, '添加', '进行添加报案单', '2017-12-29 10:12:39'),
	(2192, 1, '添加', '进行添加报案单', '2017-12-29 10:12:39'),
	(2193, 1, '添加', '进行添加报案单', '2017-12-29 10:13:25'),
	(2194, 1, '添加', '进行添加报案单', '2017-12-29 10:13:25'),
	(2195, 1, '修改', '冻结账号1', '2017-12-29 10:20:01'),
	(2196, 1, '修改', '冻结账号2', '2017-12-29 10:21:28'),
	(2197, 1, '修改', '冻结账号6', '2017-12-29 10:21:34'),
	(2198, 1, '修改', '冻结账号4', '2017-12-29 10:25:19'),
	(2199, 1, '修改', '冻结账号4', '2017-12-29 10:25:23'),
	(2200, 1, '修改', '解冻账号1', '2017-12-29 10:26:42'),
	(2201, 1, '修改', '解冻账号2', '2017-12-29 10:26:45'),
	(2202, 1, '修改', '进行用户停用操作', '2017-12-29 11:04:30'),
	(2203, 1, '修改', '解冻账号6', '2017-12-29 11:24:17'),
	(2204, 1, '修改', '解冻账号7', '2017-12-29 11:24:22'),
	(2205, 1, '修改', '解冻账号8', '2017-12-29 11:24:26'),
	(2206, 1, '修改', '进行用户停用操作', '2017-12-29 11:36:50'),
	(2207, 1, '修改', '进行用户还原操作', '2017-12-29 11:36:57'),
	(2208, 1, '修改', '进行修改保险状态操作', '2017-12-29 11:40:34'),
	(2209, 1, '修改', '进行修改保险状态操作', '2017-12-29 11:42:29'),
	(2210, 0, '添加', '进行用户的添加', '2017-12-29 11:48:10'),
	(2211, 1, '修改', '进行修改保险状态操作', '2017-12-29 11:50:04'),
	(2212, 1, '修改', '进行修改保险状态操作', '2017-12-29 11:52:20'),
	(2213, 1, '修改', '进行修改保险状态操作', '2017-12-29 11:52:23'),
	(2214, 1, '修改', '进行用户停用操作', '2017-12-29 11:54:06'),
	(2215, 1, '修改', '进行用户停用操作', '2017-12-29 11:54:11'),
	(2216, 1, '修改', '进行修改保险状态操作', '2017-12-29 11:54:26'),
	(2217, 1, '修改', '进行修改保险状态操作', '2017-12-29 11:54:56'),
	(2218, 1, '修改', '进行修改保险状态操作', '2017-12-29 11:55:10'),
	(2219, 1, '修改', '进行修改保险状态操作', '2017-12-29 11:56:40'),
	(2220, 1, '修改', '进行修改保险状态操作', '2017-12-29 11:56:46'),
	(2221, 1, '修改', '进行修改保险状态操作', '2017-12-29 11:56:49'),
	(2222, 1, '修改', '进行修改保险状态操作', '2017-12-29 12:10:37'),
	(2223, 1, '修改', '进行修改保险状态操作', '2017-12-29 12:10:41'),
	(2224, 1, '修改', '进行修改保险状态操作', '2017-12-29 12:49:53'),
	(2225, 1, '修改', '进行修改保险状态操作', '2017-12-29 12:50:19'),
	(2226, 1, '修改', '进行修改保险状态操作', '2017-12-29 12:50:40'),
	(2227, 1, '修改', '进行修改保险状态操作', '2017-12-29 13:56:35'),
	(2228, 1, '添加', '添加支点null', '2017-12-29 14:13:39'),
	(2229, 1, '添加', '添加支点dfg', '2017-12-29 14:26:06'),
	(2230, 1, '添加', '添加支点fxvc', '2017-12-29 14:27:35'),
	(2231, 1, '删除', '删除支点null', '2017-12-29 15:12:12'),
	(2232, 1, '删除', '删除支点null', '2017-12-29 15:12:15'),
	(2233, 1, '删除', '删除支点null', '2017-12-29 15:12:47'),
	(2234, 1, '删除', '删除支点null', '2017-12-29 15:13:52'),
	(2235, 1, '删除', '删除支点null', '2017-12-29 15:20:49'),
	(2236, 1, '删除', '删除支点null', '2017-12-29 15:20:56'),
	(2237, 1, '删除', '删除支点null', '2017-12-29 15:21:31'),
	(2238, 1, '修改', '进行用户停用操作', '2017-12-29 15:23:48'),
	(2239, 1, '修改', '进行用户停用操作', '2017-12-29 15:23:54'),
	(2240, 1, '修改', '进行用户停用操作', '2017-12-29 15:23:58'),
	(2241, 1, '删除', '删除支点null', '2017-12-29 15:24:13'),
	(2242, 1, '修改', '进行车牌修改', '2017-12-29 15:31:14'),
	(2243, 1, '修改', '进行车牌修改', '2017-12-29 15:36:26'),
	(2244, 1, '修改', '进行车牌修改', '2017-12-29 15:38:17'),
	(2245, 1, '修改', '进行修改保险状态操作', '2017-12-29 15:59:05'),
	(2246, 1, '修改', '进行修改保险状态操作', '2017-12-29 16:04:02'),
	(2247, 1, '修改', '进行修改保险状态操作', '2017-12-29 16:04:09'),
	(2248, 1, '修改', '进行车牌修改', '2017-12-29 16:05:02'),
	(2249, 1, '修改', '进行修改保险状态操作', '2017-12-29 16:07:13'),
	(2250, 1, '修改', '进行修改保险状态操作', '2017-12-29 16:08:43'),
	(2251, 1, '修改', '进行修改保险状态操作', '2017-12-29 16:08:46'),
	(2252, 1, '修改', '进行车牌修改', '2017-12-29 16:29:22'),
	(2253, 1, '添加', '添加支点sa', '2017-12-29 16:33:20'),
	(2254, 1, '删除', '删除支点null', '2017-12-29 16:33:25'),
	(2255, 1, '修改', '进行车牌修改', '2017-12-29 16:36:30'),
	(2256, 1, '修改', '修改支点但是v发现', '2017-12-29 17:26:06'),
	(2257, 1, '修改', '修改支点求求求求求', '2017-12-29 17:31:52'),
	(2258, 1, '修改', '修改支点阿阿阿阿阿阿阿阿阿阿阿阿', '2017-12-29 17:34:47'),
	(2259, 1, '修改', '修改支点妹妹妹妹妹妹妹妹妹妹妹', '2017-12-29 17:36:56'),
	(2260, 1, '修改', '修改支点百变宝贝', '2017-12-29 17:37:56'),
	(2261, 1, '修改', '修改支点阿史夫人的', '2017-12-29 17:40:13'),
	(2262, 1, '修改', '修改支点顶顶顶顶', '2017-12-29 17:49:30'),
	(2263, 1, '修改', '修改支点顶顶顶顶', '2017-12-29 17:51:36'),
	(2264, 1, '修改', '修改支点顶顶', '2017-12-29 17:51:50'),
	(2265, 1, '修改', '修改支点顶顶', '2017-12-29 17:52:21'),
	(2266, 1, '修改', '修改支点顶顶', '2017-12-29 17:53:34'),
	(2267, 1, '修改', '修改支点顶顶顶', '2017-12-29 18:06:26'),
	(2268, 1, '修改', '修改支点顶顶顶', '2017-12-29 18:06:55'),
	(2269, 1, '修改', '进行车牌修改', '2017-12-29 18:08:19'),
	(2270, 1, '修改', '进行车牌修改', '2017-12-29 18:10:14'),
	(2271, 1, '修改', '进行用户详细信息的修改操作', '2017-12-29 18:13:50'),
	(2272, 1, '修改', '进行车牌修改', '2017-12-29 18:20:20'),
	(2273, 1, '修改', '进行车牌修改', '2017-12-29 18:31:31'),
	(2274, 1, '修改', '进行车牌修改', '2017-12-29 18:43:51'),
	(2275, 1, '添加', '进行添加报案单', '2017-12-29 18:58:36'),
	(2276, 1, '添加', '进行添加报案单', '2017-12-29 18:58:36'),
	(2277, 1, '删除', '进行车辆删除', '2017-12-29 19:22:53'),
	(2278, 0, '添加', '进行添加', '2017-12-29 19:46:40'),
	(2279, 1, '修改', '解冻账号4', '2017-12-29 21:10:31'),
	(2280, 1, '删除', '进行车辆删除', '2017-12-30 09:07:25'),
	(2281, 1, '删除', '进行车辆删除', '2017-12-30 09:07:46'),
	(2282, 1, '删除', '进行车辆删除', '2017-12-30 09:09:38'),
	(2283, 1, '删除', '进行车辆删除', '2017-12-30 09:10:51'),
	(2284, 1, '删除', '进行车辆删除', '2017-12-30 09:12:12'),
	(2285, 1, '删除', '进行车辆删除', '2017-12-30 09:21:06'),
	(2286, 1, '删除', '进行车辆删除', '2017-12-30 09:21:20'),
	(2287, 1, '删除', '进行车辆删除', '2017-12-30 09:21:40'),
	(2288, 1, '删除', '进行车辆删除', '2017-12-30 09:22:28'),
	(2289, 1, '删除', '删除3辆车', '2017-12-30 09:25:01'),
	(2290, 1, '删除', '删除3辆车', '2017-12-30 09:25:25'),
	(2291, 1, '删除', '删除1辆车', '2017-12-30 09:25:56'),
	(2292, 1, '删除', '删除3辆车', '2017-12-30 09:34:46'),
	(2293, 1, '删除', '删除1辆车', '2017-12-30 09:34:53'),
	(2294, 1, '删除', '删除1辆车', '2017-12-30 09:34:57'),
	(2295, 1, '删除', '删除2辆车', '2017-12-30 09:36:33'),
	(2296, 1, '修改', '进行用户停用操作', '2017-12-30 09:41:04'),
	(2297, 1, '修改', '进行用户停用操作', '2017-12-30 09:41:07'),
	(2298, 1, '添加', '进行添加', '2017-12-30 11:53:30'),
	(2299, 1, '添加', '进行添加', '2017-12-30 11:54:43'),
	(2300, 1, '添加', '进行用户添加操作', '2017-12-30 13:58:04'),
	(2301, 1, '添加', '进行用户添加操作', '2017-12-30 14:00:01'),
	(2302, 1, '添加', '进行用户添加操作', '2017-12-30 14:18:54'),
	(2303, 1, '添加', '进行用户添加操作', '2017-12-30 14:20:08'),
	(2304, 1, '添加', '进行用户添加操作', '2017-12-30 14:22:50'),
	(2305, 1, '添加', '进行用户添加操作', '2017-12-30 14:32:48'),
	(2306, 1, '添加', '进行用户添加操作', '2017-12-30 15:14:47'),
	(2307, 1, '添加', '进行用户添加操作', '2017-12-30 15:15:03'),
	(2308, 1, '添加', '进行用户添加操作', '2017-12-30 15:16:46'),
	(2309, 1, '修改', '进行用户详细信息的修改操作', '2017-12-30 15:20:59'),
	(2310, 1, '修改', '进行用户详细信息的修改操作', '2017-12-30 15:21:06'),
	(2311, 1, '修改', '进行用户详细信息的修改操作', '2017-12-30 15:21:14'),
	(2312, 1, '修改', '进行用户详细信息的修改操作', '2017-12-30 15:21:23'),
	(2313, 1, '修改', '进行用户详细信息的修改操作', '2017-12-30 15:21:27'),
	(2314, 1, '修改', '进行用户详细信息的修改操作', '2017-12-30 15:21:30'),
	(2315, 1, '修改', '进行用户详细信息的修改操作', '2017-12-30 15:21:36'),
	(2316, 1, '修改', '进行用户详细信息的修改操作', '2017-12-30 15:21:46'),
	(2317, 1, '修改', '进行用户详细信息的修改操作', '2017-12-30 15:21:49'),
	(2318, 1, '修改', '进行用户详细信息的修改操作', '2017-12-30 15:22:00'),
	(2319, 1, '修改', '进行用户详细信息的修改操作', '2017-12-30 15:22:04'),
	(2320, 1, '修改', '进行用户详细信息的修改操作', '2017-12-30 15:22:08'),
	(2321, 1, '修改', '进行用户详细信息的修改操作', '2017-12-30 15:22:12'),
	(2322, 1, '修改', '进行用户详细信息的修改操作', '2017-12-30 15:22:19'),
	(2323, 1, '修改', '进行用户详细信息的修改操作', '2017-12-30 15:22:23'),
	(2324, 1, '修改', '进行用户详细信息的修改操作', '2017-12-30 15:22:28'),
	(2325, 1, '修改', '进行用户详细信息的修改操作', '2017-12-30 15:22:33'),
	(2326, 1, '修改', '进行用户详细信息的修改操作', '2017-12-30 15:22:43'),
	(2327, 1, '添加', '进行用户添加操作', '2017-12-30 15:29:07'),
	(2328, 1, '添加', '进行车辆的添加', '2017-12-30 19:13:48'),
	(2329, 1, '添加', '进行车辆的添加', '2017-12-30 19:22:24'),
	(2330, 1, '添加', '进行用户添加操作', '2017-12-30 19:36:32'),
	(2331, 1, '添加', '进行用户添加操作', '2017-12-30 19:38:41'),
	(2332, 1, '添加', '进行用户添加操作', '2017-12-30 19:39:57'),
	(2333, 1, '添加', '进行用户添加操作', '2017-12-30 20:16:13'),
	(2334, 1, '添加', '添加支点1', '2017-12-31 13:26:25'),
	(2335, 1, '添加', '进行添加报案单', '2018-01-02 09:29:15'),
	(2336, 1, '添加', '进行添加报案单', '2018-01-02 09:29:15'),
	(2337, 1, '修改', '冻结账号1', '2018-01-02 09:30:00'),
	(2338, 1, '修改', '解冻账号1', '2018-01-02 09:30:04'),
	(2339, 1, '删除', '删除支点null', '2018-01-02 09:30:13'),
	(2340, 1, '添加', '进行车辆的添加', '2018-01-02 09:35:25'),
	(2341, 1, '添加', '进行添加', '2018-01-02 10:31:22'),
	(2342, 1, '添加', '进行添加', '2018-01-02 10:33:31'),
	(2343, 1, '添加', '进行添加', '2018-01-02 10:37:45'),
	(2344, 1, '添加', '进行添加', '2018-01-02 10:41:09'),
	(2345, 1, '添加', '进行添加', '2018-01-02 10:43:19'),
	(2346, 1, '添加', '进行添加', '2018-01-02 10:45:38'),
	(2347, 1, '删除', '删除1辆车', '2018-01-02 10:54:12'),
	(2348, 1, '添加', '进行添加', '2018-01-02 11:03:57'),
	(2349, 1, '添加', '进行添加', '2018-01-02 11:05:39'),
	(2350, 1, '添加', '进行添加', '2018-01-02 11:06:49'),
	(2351, 1, '添加', '进行添加', '2018-01-02 11:10:12'),
	(2352, 1, '添加', '进行添加', '2018-01-02 11:14:01'),
	(2353, 1, '删除', '删除1辆车', '2018-01-02 11:21:36'),
	(2354, 1, '删除', '删除1辆车', '2018-01-02 11:21:41'),
	(2355, 1, '修改', '进行用户还原操作', '2018-01-02 11:30:57'),
	(2356, 0, '添加', '进行用户的添加', '2018-01-02 11:34:07'),
	(2357, 1, '修改', '冻结账号1', '2018-01-02 11:43:52'),
	(2358, 1, '修改', '冻结账号2', '2018-01-02 11:44:06'),
	(2359, 1, '添加', '进行添加', '2018-01-02 11:50:07'),
	(2360, 1, '修改', '冻结账号4', '2018-01-02 11:50:12'),
	(2361, 1, '修改', '冻结账号5', '2018-01-02 11:58:08'),
	(2362, 1, '添加', '进行用户添加操作', '2018-01-02 12:58:11'),
	(2363, 1, '添加', '进行添加报案单', '2018-01-02 13:13:04'),
	(2364, 1, '添加', '进行添加报案单', '2018-01-02 13:13:04'),
	(2365, 1, '添加', '进行添加报案单', '2018-01-02 13:13:06'),
	(2366, 1, '添加', '进行添加报案单', '2018-01-02 13:13:06'),
	(2367, 1, '添加', '进行添加报案单', '2018-01-02 13:22:21'),
	(2368, 1, '添加', '进行添加报案单', '2018-01-02 13:22:21'),
	(2369, 1, '添加', '进行车辆的添加', '2018-01-02 13:35:17'),
	(2370, 1, '修改', '进行车牌修改', '2018-01-02 13:43:12'),
	(2371, 1, '修改', '进行用户还原操作', '2018-01-02 13:44:00'),
	(2372, 1, '修改', '进行用户还原操作', '2018-01-02 13:44:06'),
	(2373, 1, '修改', '进行用户还原操作', '2018-01-02 13:44:36'),
	(2374, 1, '修改', '进行用户还原操作', '2018-01-02 13:45:17'),
	(2375, 1, '修改', '进行用户停用操作', '2018-01-02 13:46:32'),
	(2376, 1, '修改', '进行用户还原操作', '2018-01-02 13:47:30'),
	(2377, 1, '修改', '进行用户还原操作', '2018-01-02 13:49:33'),
	(2378, 1, '修改', '进行用户还原操作', '2018-01-02 13:52:14'),
	(2379, 1, '修改', '进行用户还原操作', '2018-01-02 13:54:38'),
	(2380, 1, '修改', '进行用户停用操作', '2018-01-02 13:54:53'),
	(2381, 1, '修改', '进行用户还原操作', '2018-01-02 13:54:59'),
	(2382, 1, '修改', '进行用户还原操作', '2018-01-02 13:56:55'),
	(2383, 1, '修改', '进行用户停用操作', '2018-01-02 13:57:07'),
	(2384, 1, '添加', '进行添加', '2018-01-02 15:06:46'),
	(2385, 1, '添加', '进行添加', '2018-01-02 15:07:38'),
	(2386, 1, '添加', '进行添加', '2018-01-02 15:14:08'),
	(2387, 1, '添加', '进行添加', '2018-01-02 15:14:08'),
	(2388, 1, '添加', '进行添加报案单', '2018-01-02 15:30:50'),
	(2389, 1, '添加', '进行添加报案单', '2018-01-02 15:30:50'),
	(2390, 1, '添加', '进行添加报案单', '2018-01-02 15:35:21'),
	(2391, 1, '添加', '进行添加报案单', '2018-01-02 15:35:21'),
	(2392, 1, '添加', '进行添加报案单', '2018-01-02 15:49:08'),
	(2393, 1, '添加', '进行添加报案单', '2018-01-02 15:49:08'),
	(2394, 1, '添加', '进行添加', '2018-01-02 16:01:55'),
	(2395, 1, '添加', '进行添加', '2018-01-02 16:01:55'),
	(2396, 1, '添加', '进行添加', '2018-01-02 16:01:57'),
	(2397, 1, '添加', '进行添加', '2018-01-02 16:01:57'),
	(2398, 1, '修改', '进行修改保险状态操作', '2018-01-02 16:04:39'),
	(2399, 1, '修改', '冻结账号6', '2018-01-02 16:26:43'),
	(2400, 1, '修改', '冻结账号7', '2018-01-02 16:27:41'),
	(2401, 1, '修改', '进行修改保险状态操作', '2018-01-02 16:31:03'),
	(2402, 1, '修改', '进行修改保险状态操作', '2018-01-02 16:34:11'),
	(2403, 1, '修改', '进行修改保险状态操作', '2018-01-02 16:34:12'),
	(2404, 1, '修改', '进行修改保险状态操作', '2018-01-02 16:34:12'),
	(2405, 1, '修改', '进行修改保险状态操作', '2018-01-02 16:34:12'),
	(2406, 1, '修改', '进行修改保险状态操作', '2018-01-02 16:34:13'),
	(2407, 1, '修改', '进行修改保险状态操作', '2018-01-02 16:34:13'),
	(2408, 1, '修改', '进行修改保险状态操作', '2018-01-02 16:34:14'),
	(2409, 1, '修改', '进行修改保险状态操作', '2018-01-02 16:34:14'),
	(2410, 1, '修改', '进行修改保险状态操作', '2018-01-02 16:34:14'),
	(2411, 1, '修改', '进行修改保险状态操作', '2018-01-02 16:34:53'),
	(2412, 1, '修改', '进行修改保险状态操作', '2018-01-02 16:35:06'),
	(2413, 1, '修改', '进行修改保险状态操作', '2018-01-02 16:35:06'),
	(2414, 1, '修改', '进行修改保险状态操作', '2018-01-02 16:35:06'),
	(2415, 1, '修改', '进行修改保险状态操作', '2018-01-02 16:35:06'),
	(2416, 1, '修改', '进行修改保险状态操作', '2018-01-02 16:35:06'),
	(2417, 1, '修改', '进行修改保险状态操作', '2018-01-02 16:35:07'),
	(2418, 1, '修改', '进行修改保险状态操作', '2018-01-02 16:36:17'),
	(2419, 1, '修改', '进行修改保险状态操作', '2018-01-02 16:37:07'),
	(2420, 1, '修改', '进行修改保险状态操作', '2018-01-02 16:37:32'),
	(2421, 1, '修改', '进行修改保险状态操作', '2018-01-02 16:39:46'),
	(2422, 1, '修改', '进行修改保险状态操作', '2018-01-02 16:42:26'),
	(2423, 1, '修改', '进行修改保险状态操作', '2018-01-02 16:42:28'),
	(2424, 1, '修改', '进行修改保险状态操作', '2018-01-02 16:42:31'),
	(2425, 1, '修改', '进行修改保险状态操作', '2018-01-02 16:42:48'),
	(2426, 1, '修改', '进行修改保险状态操作', '2018-01-02 16:42:51'),
	(2427, 1, '修改', '进行修改保险状态操作', '2018-01-02 16:43:07'),
	(2428, 1, '修改', '进行修改保险状态操作', '2018-01-02 16:43:09'),
	(2429, 1, '修改', '进行修改保险状态操作', '2018-01-02 17:05:11'),
	(2430, 1, '修改', '进行修改保险状态操作', '2018-01-02 17:07:30'),
	(2431, 1, '修改', '进行修改保险状态操作', '2018-01-02 17:07:35'),
	(2432, 1, '添加', '进行添加', '2018-01-02 17:10:47'),
	(2433, 1, '修改', '进行修改保险状态操作', '2018-01-02 17:12:39'),
	(2434, 1, '修改', '进行修改保险状态操作', '2018-01-02 17:13:13'),
	(2435, 1, '修改', '进行修改保险状态操作', '2018-01-02 17:15:24'),
	(2436, 1, '添加', '进行添加', '2018-01-02 17:16:10'),
	(2437, 1, '添加', '进行添加', '2018-01-02 17:16:10'),
	(2438, 1, '修改', '进行修改保险状态操作', '2018-01-02 17:17:09'),
	(2439, 1, '修改', '进行修改保险状态操作', '2018-01-02 17:18:34'),
	(2440, 1, '修改', '进行用户还原操作', '2018-01-02 17:21:35'),
	(2441, 1, '修改', '进行用户停用操作', '2018-01-02 17:22:13'),
	(2442, 1, '修改', '已缴费2', '2018-01-02 17:25:34'),
	(2443, 1, '修改', '已缴费2', '2018-01-02 17:25:38'),
	(2444, 1, '修改', '已缴费2', '2018-01-02 17:25:59'),
	(2445, 1, '修改', '未缴费3', '2018-01-02 17:27:21'),
	(2446, 1, '添加', '进行添加', '2018-01-02 17:27:45'),
	(2447, 1, '添加', '进行添加', '2018-01-02 17:27:45'),
	(2448, 1, '修改', '未缴费1', '2018-01-02 17:28:20'),
	(2449, 1, '添加', '进行添加', '2018-01-02 17:28:34'),
	(2450, 1, '添加', '进行添加', '2018-01-02 17:28:34'),
	(2451, 1, '添加', '进行添加', '2018-01-02 17:30:10'),
	(2452, 1, '添加', '进行添加', '2018-01-02 17:30:10'),
	(2453, 1, '添加', '进行添加', '2018-01-02 17:32:33'),
	(2454, 1, '添加', '进行添加', '2018-01-02 17:32:33'),
	(2455, 1, '添加', '进行添加', '2018-01-02 17:32:37'),
	(2456, 1, '添加', '进行添加', '2018-01-02 17:32:37'),
	(2457, 1, '添加', '进行添加', '2018-01-02 17:32:46'),
	(2458, 1, '添加', '进行添加', '2018-01-02 17:32:46'),
	(2459, 1, '添加', '进行添加', '2018-01-02 17:34:02'),
	(2460, 1, '添加', '进行添加', '2018-01-02 17:34:02'),
	(2461, 1, '修改', '未缴费3', '2018-01-02 17:34:23'),
	(2462, 1, '修改', '未缴费3', '2018-01-02 17:35:02'),
	(2463, 1, '添加', '进行添加', '2018-01-02 17:35:17'),
	(2464, 1, '添加', '进行添加', '2018-01-02 17:35:17'),
	(2465, 1, '添加', '进行添加', '2018-01-02 17:35:21'),
	(2466, 1, '添加', '进行添加', '2018-01-02 17:35:21'),
	(2467, 1, '修改', '未缴费3', '2018-01-02 17:37:01'),
	(2468, 1, '修改', '未缴费3', '2018-01-02 17:37:04'),
	(2469, 1, '修改', '未缴费3', '2018-01-02 17:37:59'),
	(2470, 1, '修改', '进行用户还原操作', '2018-01-02 17:39:38'),
	(2471, 1, '修改', '进行用户停用操作', '2018-01-02 17:40:35'),
	(2472, 1, '修改', '未缴费3', '2018-01-02 17:40:30'),
	(2473, 1, '修改', '未缴费3', '2018-01-02 17:40:42'),
	(2474, 1, '修改', '未缴费3', '2018-01-02 17:43:30'),
	(2475, 1, '修改', '未缴费3', '2018-01-02 17:43:42'),
	(2476, 1, '修改', '未缴费1', '2018-01-02 17:45:24'),
	(2477, 1, '修改', '未缴费3', '2018-01-02 17:45:36'),
	(2478, 1, '修改', '已缴费1', '2018-01-02 17:50:21'),
	(2479, 1, '修改', '已缴费3', '2018-01-02 17:50:37'),
	(2480, 1, '修改', '已缴费1', '2018-01-02 17:51:40'),
	(2481, 1, '修改', '进行修改保险状态操作', '2018-01-02 17:52:08'),
	(2482, 1, '修改', '已缴费3', '2018-01-02 17:59:44'),
	(2483, 1, '修改', '已缴费2', '2018-01-02 18:00:41'),
	(2484, 1, '修改', '已缴费1', '2018-01-02 19:54:11'),
	(2485, 1, '修改', '已缴费3', '2018-01-02 19:59:03'),
	(2486, 1, '修改', '已缴费4', '2018-01-02 20:01:36'),
	(2487, 1, '修改', '已缴费5', '2018-01-02 20:03:58'),
	(2488, 1, '修改', '已缴费2', '2018-01-02 20:05:35'),
	(2489, 1, '修改', '已缴费3', '2018-01-02 20:07:31'),
	(2490, 1, '修改', '已缴费3', '2018-01-02 20:07:31'),
	(2491, 1, '修改', '已缴费4', '2018-01-02 20:08:36'),
	(2492, 1, '修改', '已缴费4', '2018-01-02 20:08:36'),
	(2493, NULL, NULL, NULL, NULL),
	(2494, 1, '修改', '进行理赔结算', '2018-01-02 20:41:06'),
	(2495, 1, '修改', '进行理赔结算', '2018-01-02 20:50:15'),
	(2496, NULL, NULL, NULL, NULL),
	(2497, 1, '修改', '进行用户还原操作', '2018-01-03 09:09:37'),
	(2498, 1, '添加', '新增账号0', '2018-01-03 10:24:25'),
	(2499, 1, '添加', '进行添加报案单', '2018-01-03 10:32:29'),
	(2500, 1, '添加', '进行添加报案单', '2018-01-03 10:32:29'),
	(2501, 1, '修改', '进行修改保险状态操作', '2018-01-03 10:37:00'),
	(2502, 1, '修改', '进行修改保险状态操作', '2018-01-03 10:37:06'),
	(2503, 1, '删除', '删除账号33', '2018-01-03 10:40:41'),
	(2504, 1, '删除', '删除账号32', '2018-01-03 10:41:32'),
	(2505, 1, '删除', '删除账号32', '2018-01-03 10:41:50'),
	(2506, 1, '删除', '删除账号4', '2018-01-03 10:42:21'),
	(2507, 1, '删除', '删除账号22', '2018-01-03 10:43:26'),
	(2508, 1, '删除', '删除账号19', '2018-01-03 10:44:31'),
	(2509, 1, '删除', '删除账号19', '2018-01-03 10:44:36'),
	(2510, 1, '删除', '删除账号7', '2018-01-03 10:45:57'),
	(2511, 1, '删除', '删除账号12', '2018-01-03 10:46:27'),
	(2512, 1, '删除', '删除账号14', '2018-01-03 10:46:53'),
	(2513, 1, '添加', '进行添加报案单', '2018-01-03 11:13:10'),
	(2514, 1, '添加', '进行添加报案单', '2018-01-03 11:13:10'),
	(2515, 1, '添加', '进行添加报案单', '2018-01-03 11:13:54'),
	(2516, 1, '添加', '进行添加报案单', '2018-01-03 11:13:54'),
	(2517, 1, '删除', '删除1辆车', '2018-01-03 11:27:43'),
	(2518, 1, '删除', '删除2辆车', '2018-01-03 11:28:01'),
	(2519, 1, '修改', '进行修改保险状态操作', '2018-01-03 11:52:14'),
	(2520, 1, '修改', '修改账号0', '2018-01-03 12:55:13'),
	(2521, 1, '删除', '删除账号30', '2018-01-03 13:09:26'),
	(2522, 1, '修改', '进行用户还原操作', '2018-01-03 13:12:41'),
	(2523, 1, '修改', '修改账号0', '2018-01-03 13:19:34'),
	(2524, 1, '修改', '修改账号0', '2018-01-03 13:19:50'),
	(2525, 1, '修改', '修改账号0', '2018-01-03 13:20:04'),
	(2526, 1, '修改', '修改账号0', '2018-01-03 13:20:46'),
	(2527, 1, '修改', '修改账号31', '2018-01-03 13:23:59'),
	(2528, 1, '修改', '修改账号31', '2018-01-03 13:24:38'),
	(2529, 1, '修改', '修改账号31', '2018-01-03 13:25:42'),
	(2530, 1, '修改', '修改账号31', '2018-01-03 13:28:03'),
	(2531, 1, '修改', '修改账号31', '2018-01-03 13:30:21'),
	(2532, 1, '修改', '修改账号31', '2018-01-03 13:34:56'),
	(2533, 1, '修改', '修改账号31', '2018-01-03 13:35:02'),
	(2534, 1, '修改', '修改账号31', '2018-01-03 13:35:12'),
	(2535, 1, '修改', '修改账号31', '2018-01-03 13:35:24'),
	(2536, 1, '修改', '修改账号31', '2018-01-03 13:35:33'),
	(2537, 1, '修改', '修改支点顶顶', '2018-01-03 13:38:17'),
	(2538, 1, '修改', '修改支点顶顶顶顶', '2018-01-03 13:38:28'),
	(2539, 1, '修改', '修改支点顶顶顶顶', '2018-01-03 13:39:07'),
	(2540, 1, '修改', '修改支点顶顶顶顶', '2018-01-03 13:39:23'),
	(2541, 1, '添加', '进行用户添加操作', '2018-01-03 13:39:30'),
	(2542, 1, '添加', '新增账号0', '2018-01-03 13:40:39'),
	(2543, 1, '添加', '新增账号0', '2018-01-03 13:42:05'),
	(2544, 1, '添加', '新增账号0', '2018-01-03 13:44:31'),
	(2545, 1, '修改', '修改账号37', '2018-01-03 13:44:46'),
	(2546, 1, '添加', '新增账号0', '2018-01-03 13:46:25'),
	(2547, 1, '添加', '新增账号0', '2018-01-03 13:48:59'),
	(2548, 1, '删除', '删除账号38', '2018-01-03 13:49:12'),
	(2549, 1, '修改', '修改账号39', '2018-01-03 14:24:08'),
	(2550, 1, '添加', '新增账号0', '2018-01-03 14:35:56'),
	(2551, 1, '修改', '进行理赔结算', '2018-01-03 14:36:36'),
	(2552, 1, '删除', '删除角色20', '2018-01-03 14:48:45'),
	(2553, 1, '删除', '删除角色20', '2018-01-03 14:48:47'),
	(2554, 1, '删除', '删除角色20', '2018-01-03 14:48:47'),
	(2555, 1, '删除', '删除角色20', '2018-01-03 14:48:47'),
	(2556, 1, '删除', '删除角色19', '2018-01-03 14:50:02'),
	(2557, 1, '添加', '添加支点5', '2018-01-03 15:24:02'),
	(2558, 1, '删除', '删除支点null', '2018-01-03 15:24:10'),
	(2559, 1, '添加', '新增账号0', '2018-01-03 15:29:11'),
	(2560, 1, '修改', '修改角色0', '2018-01-03 15:39:20'),
	(2561, 1, '修改', '修改支点金水支点', '2018-01-03 16:19:33'),
	(2562, 1, '修改', '修改支点金水支点', '2018-01-03 16:19:51'),
	(2563, 1, '修改', '修改支点金水支点', '2018-01-03 16:20:01'),
	(2564, 1, '修改', '修改支点金水支点', '2018-01-03 16:20:30'),
	(2565, 1, '修改', '进行修改车辆状态操作', '2018-01-03 16:22:44'),
	(2566, 1, '修改', '进行修改车辆状态操作', '2018-01-03 16:23:15'),
	(2567, NULL, NULL, NULL, NULL),
	(2568, 1, '修改', '进行修改车辆状态操作', '2018-01-03 16:26:49'),
	(2569, 1, '修改', '进行修改车辆状态操作', '2018-01-03 16:27:04'),
	(2570, 1, '修改', '进行修改保险状态操作', '2018-01-03 16:27:18'),
	(2571, 1, '修改', '进行修改保险状态操作', '2018-01-03 16:27:20'),
	(2572, NULL, NULL, NULL, NULL),
	(2573, 1, '修改', '进行修改车辆状态操作', '2018-01-03 16:31:01'),
	(2574, 1, '修改', '解冻账号6', '2018-01-03 16:31:36'),
	(2575, 1, '修改', '进行修改车辆状态操作', '2018-01-03 16:31:37'),
	(2576, NULL, NULL, NULL, NULL),
	(2577, 1, '修改', '进行修改车辆状态操作', '2018-01-03 16:36:27'),
	(2578, 1, '修改', '进行修改车辆状态操作', '2018-01-03 16:40:16'),
	(2579, 1, '修改', '进行修改车辆状态操作', '2018-01-03 16:53:12'),
	(2580, 1, '修改', '进行修改车辆状态操作', '2018-01-03 16:53:27'),
	(2581, 1, '修改', '进行修改车辆状态操作', '2018-01-03 16:55:43'),
	(2582, 1, '修改', '进行修改车辆状态操作', '2018-01-03 16:55:44'),
	(2583, 1, '修改', '进行修改车辆状态操作', '2018-01-03 16:55:44'),
	(2584, 1, '修改', '进行修改车辆状态操作', '2018-01-03 16:55:45'),
	(2585, 1, '修改', '进行修改车辆状态操作', '2018-01-03 16:55:45'),
	(2586, 1, '修改', '进行修改车辆状态操作', '2018-01-03 16:55:45'),
	(2587, 1, '修改', '进行修改车辆状态操作', '2018-01-03 16:55:47'),
	(2588, 1, '修改', '进行修改车辆状态操作', '2018-01-03 16:55:48'),
	(2589, 1, '修改', '进行修改车辆状态操作', '2018-01-03 16:59:16'),
	(2590, 1, '修改', '进行修改保险状态操作', '2018-01-03 17:00:46'),
	(2591, 1, '修改', '进行修改保险状态操作', '2018-01-03 17:00:49'),
	(2592, 1, '修改', '进行修改保险状态操作', '2018-01-03 17:00:56'),
	(2593, 1, '修改', '进行修改保险状态操作', '2018-01-03 17:03:27'),
	(2594, 1, '修改', '进行修改保险状态操作', '2018-01-03 17:03:35'),
	(2595, 1, '修改', '进行修改保险状态操作', '2018-01-03 17:03:57'),
	(2596, 1, '修改', '进行修改车辆状态操作', '2018-01-03 17:04:03'),
	(2597, 1, '修改', '进行修改车辆状态操作', '2018-01-03 17:04:19'),
	(2598, 1, '修改', '进行修改车辆状态操作', '2018-01-03 17:04:20'),
	(2599, 1, '修改', '进行修改车辆状态操作', '2018-01-03 17:07:32'),
	(2600, 1, '修改', '进行修改车辆状态操作', '2018-01-03 17:07:33'),
	(2601, 1, '修改', '进行修改车辆状态操作', '2018-01-03 17:08:20'),
	(2602, 1, '修改', '进行修改车辆状态操作', '2018-01-03 17:08:25'),
	(2603, 1, '修改', '修改账号43', '2018-01-03 17:10:24'),
	(2604, NULL, NULL, NULL, NULL),
	(2605, 1, '修改', '进行修改车辆状态操作', '2018-01-03 17:17:58'),
	(2606, 1, '修改', '进行修改车辆状态操作', '2018-01-03 17:19:50'),
	(2607, 1, '修改', '进行修改车辆状态操作', '2018-01-03 17:20:36'),
	(2608, 1, '修改', '进行用户详细信息的修改操作', '2018-01-03 17:20:53'),
	(2609, 1, '修改', '进行修改车辆状态操作', '2018-01-03 17:21:44'),
	(2610, 1, '修改', '进行修改车辆状态操作', '2018-01-03 17:22:06'),
	(2611, 1, '修改', '进行修改车辆状态操作', '2018-01-03 17:23:27'),
	(2612, 1, '修改', '进行修改车辆状态操作', '2018-01-03 17:23:54'),
	(2613, 1, '修改', '进行修改车辆状态操作', '2018-01-03 17:24:04'),
	(2614, 1, '修改', '进行修改车辆状态操作', '2018-01-03 17:24:21'),
	(2615, 1, '修改', '进行修改车辆状态操作', '2018-01-03 17:25:47'),
	(2616, 1, '修改', '进行修改车辆状态操作', '2018-01-03 17:27:23'),
	(2617, 1, '修改', '进行修改车辆状态操作', '2018-01-03 17:28:37'),
	(2618, 1, '修改', '进行修改车辆状态操作', '2018-01-03 17:29:08'),
	(2619, 1, '修改', '进行修改车辆状态操作', '2018-01-03 17:31:51'),
	(2620, 1, '修改', '进行修改车辆状态操作', '2018-01-03 17:33:06'),
	(2621, 1, '修改', '进行修改车辆状态操作', '2018-01-03 17:33:49'),
	(2622, 1, '修改', '进行修改车辆状态操作', '2018-01-03 17:35:57'),
	(2623, 1, '修改', '进行修改车辆状态操作', '2018-01-03 17:36:37'),
	(2624, 1, '添加', '进行添加报案单', '2018-01-03 17:38:53'),
	(2625, 1, '添加', '进行添加报案单', '2018-01-03 17:38:53'),
	(2626, 1, '修改', '进行修改车辆状态操作', '2018-01-03 17:46:44'),
	(2627, 1, '修改', '进行修改车辆状态操作', '2018-01-03 17:47:26'),
	(2628, NULL, NULL, NULL, NULL),
	(2629, 1, '修改', '进行修改车辆状态操作', '2018-01-03 17:55:15'),
	(2630, 1, '修改', '进行修改车辆状态操作', '2018-01-03 17:55:35'),
	(2631, 1, '修改', '进行修改车辆状态操作', '2018-01-03 17:56:33'),
	(2632, 1, '修改', '进行修改车辆状态操作', '2018-01-03 17:57:36'),
	(2633, 1, '修改', '进行修改车辆状态操作', '2018-01-03 17:59:42'),
	(2634, 1, '修改', '进行修改车辆状态操作', '2018-01-03 18:00:22'),
	(2635, 1, '修改', '进行修改车辆状态操作', '2018-01-03 18:01:00'),
	(2636, 1, '修改', '进行修改车辆状态操作', '2018-01-03 18:01:03'),
	(2637, 1, '修改', '进行修改车辆状态操作', '2018-01-03 18:01:06'),
	(2638, 1, '修改', '进行修改车辆状态操作', '2018-01-03 18:01:09'),
	(2639, 1, '修改', '进行修改车辆状态操作', '2018-01-03 18:01:11'),
	(2640, 1, '修改', '进行修改车辆状态操作', '2018-01-03 18:01:16'),
	(2641, 1, '修改', '进行修改车辆状态操作', '2018-01-03 18:02:31'),
	(2642, 1, '修改', '进行修改车辆状态操作', '2018-01-03 18:03:26'),
	(2643, 1, '修改', '进行修改车辆状态操作', '2018-01-03 18:03:37'),
	(2644, 1, '修改', '进行修改车辆状态操作', '2018-01-03 18:03:40'),
	(2645, 1, '修改', '进行修改车辆状态操作', '2018-01-03 18:03:43'),
	(2646, 1, '修改', '进行修改车辆状态操作', '2018-01-03 18:03:46'),
	(2647, 1, '修改', '进行修改车辆状态操作', '2018-01-03 18:03:48'),
	(2648, 1, '修改', '进行修改车辆状态操作', '2018-01-03 18:05:16'),
	(2649, 1, '修改', '进行修改车辆状态操作', '2018-01-03 18:05:19'),
	(2650, 1, '修改', '进行修改车辆状态操作', '2018-01-03 18:05:54'),
	(2651, 1, '修改', '进行修改车辆状态操作', '2018-01-03 18:05:56'),
	(2652, NULL, NULL, NULL, NULL),
	(2653, 1, '修改', '进行修改车辆状态操作', '2018-01-03 18:40:46'),
	(2654, 1, '修改', '进行修改车辆状态操作', '2018-01-03 18:40:57'),
	(2655, 1, '修改', '进行修改车辆状态操作', '2018-01-03 18:43:01'),
	(2656, 1, '修改', '进行修改车辆状态操作', '2018-01-03 18:43:12'),
	(2657, 1, '修改', '进行修改车辆状态操作', '2018-01-03 18:43:21'),
	(2658, 1, '添加', '添加保险订单', '2018-01-03 19:11:34'),
	(2659, 1, '添加', '添加保险订单', '2018-01-03 19:11:34'),
	(2660, 1, '添加', '添加保险订单', '2018-01-03 19:11:34'),
	(2661, 1, '添加', '添加保险订单', '2018-01-03 19:11:34'),
	(2662, 1, '添加', '添加保险订单', '2018-01-03 19:11:34'),
	(2663, 1, '添加', '添加保险订单', '2018-01-03 19:11:34'),
	(2664, 1, '添加', '添加保险订单', '2018-01-03 19:17:48'),
	(2665, 1, '添加', '添加保险订单', '2018-01-03 19:17:48'),
	(2666, 1, '添加', '添加保险订单', '2018-01-03 19:17:48'),
	(2667, 1, '添加', '添加保险订单', '2018-01-03 19:17:48'),
	(2668, 1, '添加', '添加保险订单', '2018-01-03 19:17:48'),
	(2669, 1, '添加', '添加保险订单', '2018-01-03 19:17:48'),
	(2670, 1, '添加', '添加保险订单', '2018-01-03 19:23:05'),
	(2671, 1, '添加', '添加保险订单', '2018-01-03 19:23:05'),
	(2672, 1, '添加', '添加保险订单', '2018-01-03 19:23:05'),
	(2673, 1, '添加', '添加保险订单', '2018-01-03 19:23:05'),
	(2674, 1, '添加', '添加保险订单', '2018-01-03 19:23:05'),
	(2675, 1, '添加', '添加保险订单', '2018-01-03 19:23:05'),
	(2676, 1, '修改', '进行修改保险状态操作', '2018-01-03 19:32:39'),
	(2677, 1, '修改', '进行修改保险状态操作', '2018-01-03 19:32:42'),
	(2678, 1, '修改', '进行修改保险状态操作', '2018-01-03 19:32:45'),
	(2679, 1, '修改', '进行修改保险状态操作', '2018-01-03 19:32:48'),
	(2680, 1, '修改', '已缴费19', '2018-01-03 19:33:13'),
	(2681, 1, '修改', '已缴费19', '2018-01-03 19:33:13'),
	(2682, 1, '添加', '添加保险订单', '2018-01-03 19:38:16'),
	(2683, 1, '添加', '添加保险订单', '2018-01-03 19:38:16'),
	(2684, 1, '添加', '添加保险订单', '2018-01-03 19:38:16'),
	(2685, 1, '添加', '添加保险订单', '2018-01-03 19:38:16'),
	(2686, 1, '添加', '添加保险订单', '2018-01-03 19:38:16'),
	(2687, 1, '添加', '添加保险订单', '2018-01-03 19:38:16'),
	(2688, 1, '添加', '添加保险订单', '2018-01-03 19:38:16'),
	(2689, 1, '修改', '已缴费25', '2018-01-03 19:39:04'),
	(2690, 1, '修改', '已缴费25', '2018-01-03 19:39:04'),
	(2691, 1, '修改', '已缴费28', '2018-01-03 19:43:49'),
	(2692, 1, '修改', '已缴费28', '2018-01-03 19:43:49'),
	(2693, NULL, NULL, NULL, NULL),
	(2694, 1, '修改', '已缴费26', '2018-01-03 20:02:26'),
	(2695, 1, '修改', '已缴费26', '2018-01-03 20:02:26'),
	(2696, 1, '修改', '已缴费27', '2018-01-03 20:09:29'),
	(2697, 1, '修改', '已缴费27', '2018-01-03 20:09:29'),
	(2698, NULL, NULL, NULL, NULL),
	(2699, 1, '修改', '已缴费30', '2018-01-03 20:15:00'),
	(2700, 1, '修改', '已缴费30', '2018-01-03 20:15:00'),
	(2701, 1, '修改', '已缴费30', '2018-01-03 20:15:00'),
	(2702, 1, '修改', '已缴费29', '2018-01-03 20:16:02'),
	(2703, 1, '修改', '已缴费29', '2018-01-03 20:16:02'),
	(2704, 1, '修改', '已缴费29', '2018-01-03 20:16:02'),
	(2705, 1, '修改', '已缴费31', '2018-01-03 20:20:40'),
	(2706, 1, '修改', '已缴费31', '2018-01-03 20:20:40'),
	(2707, 1, '修改', '已缴费31', '2018-01-03 20:20:40'),
	(2708, NULL, NULL, NULL, NULL),
	(2709, 1, '修改', '已缴费6', '2018-01-03 20:29:07'),
	(2710, 1, '修改', '已缴费6', '2018-01-03 20:29:07'),
	(2711, 1, '修改', '已缴费6', '2018-01-03 20:29:07'),
	(2712, NULL, NULL, NULL, NULL),
	(2713, NULL, NULL, NULL, NULL),
	(2714, NULL, NULL, NULL, NULL),
	(2715, NULL, NULL, NULL, NULL),
	(2716, NULL, NULL, NULL, NULL),
	(2717, 1, '添加', '添加保险订单', '2018-01-04 09:34:10'),
	(2718, 1, '添加', '添加保险订单', '2018-01-04 09:34:10'),
	(2719, 1, '添加', '添加保险订单', '2018-01-04 09:34:10'),
	(2720, 1, '添加', '添加保险订单', '2018-01-04 09:34:10'),
	(2721, 1, '添加', '添加保险订单', '2018-01-04 09:34:10'),
	(2722, 1, '添加', '添加保险订单', '2018-01-04 09:34:10'),
	(2723, 1, '添加', '添加保险订单', '2018-01-04 09:38:13'),
	(2724, 1, '添加', '添加保险订单', '2018-01-04 09:38:13'),
	(2725, 1, '添加', '添加保险订单', '2018-01-04 09:41:40'),
	(2726, 1, '添加', '添加保险订单', '2018-01-04 09:41:40'),
	(2727, 1, '添加', '添加保险订单', '2018-01-04 09:41:40'),
	(2728, 1, '添加', '添加保险订单', '2018-01-04 09:41:40'),
	(2729, 1, '添加', '添加保险订单', '2018-01-04 09:41:40'),
	(2730, NULL, NULL, NULL, NULL),
	(2731, 1, '修改', '已缴费5', '2018-01-04 09:58:23'),
	(2732, 1, '修改', '已缴费5', '2018-01-04 09:58:23'),
	(2733, 1, '修改', '已缴费5', '2018-01-04 09:58:23'),
	(2734, 1, '添加', '进行添加报案单', '2018-01-04 10:19:27'),
	(2735, 1, '添加', '进行添加报案单', '2018-01-04 10:19:27'),
	(2736, NULL, NULL, NULL, NULL),
	(2737, NULL, NULL, NULL, NULL),
	(2738, 1, '添加', '进行添加报案单', '2018-01-04 11:01:35'),
	(2739, 1, '添加', '进行添加报案单', '2018-01-04 11:01:35'),
	(2740, 1, '添加', '进行添加报案单', '2018-01-04 11:02:23'),
	(2741, 1, '添加', '进行添加报案单', '2018-01-04 11:02:23'),
	(2742, 1, '添加', '进行添加报案单', '2018-01-04 11:06:16'),
	(2743, 1, '添加', '进行添加报案单', '2018-01-04 11:06:16'),
	(2744, 1, '添加', '进行添加报案单', '2018-01-04 11:09:02'),
	(2745, 1, '添加', '进行添加报案单', '2018-01-04 11:09:02'),
	(2746, NULL, NULL, NULL, NULL),
	(2747, NULL, NULL, NULL, NULL),
	(2748, NULL, NULL, NULL, NULL),
	(2749, NULL, NULL, NULL, NULL),
	(2750, 1, '添加', '进行添加报案单', '2018-01-04 11:20:25'),
	(2751, 1, '添加', '进行添加报案单', '2018-01-04 11:20:25'),
	(2752, 1, '添加', '进行添加报案单', '2018-01-04 11:38:52'),
	(2753, 1, '添加', '进行添加报案单', '2018-01-04 11:38:52'),
	(2754, 1, '添加', '进行添加报案单', '2018-01-04 11:41:52'),
	(2755, 1, '添加', '进行添加报案单', '2018-01-04 11:41:52'),
	(2756, NULL, NULL, NULL, NULL),
	(2757, 1, '添加', '进行添加报案单', '2018-01-04 12:02:24'),
	(2758, 1, '添加', '进行添加报案单', '2018-01-04 12:02:24'),
	(2759, 1, '添加', '添加保险订单', '2018-01-04 12:03:18'),
	(2760, 1, '添加', '添加保险订单', '2018-01-04 12:03:18'),
	(2761, 1, '添加', '添加保险订单', '2018-01-04 12:03:18'),
	(2762, 1, '添加', '添加保险订单', '2018-01-04 12:03:18'),
	(2763, 1, '添加', '添加保险订单', '2018-01-04 12:03:18'),
	(2764, 1, '添加', '添加保险订单', '2018-01-04 12:03:18'),
	(2765, 1, '添加', '添加保险订单', '2018-01-04 12:03:18'),
	(2766, 1, '添加', '添加保险订单', '2018-01-04 12:03:18'),
	(2767, 1, '添加', '添加保险订单', '2018-01-04 12:04:25'),
	(2768, 1, '添加', '添加保险订单', '2018-01-04 12:04:25'),
	(2769, 1, '添加', '添加保险订单', '2018-01-04 12:04:25'),
	(2770, 1, '添加', '添加保险订单', '2018-01-04 12:04:25'),
	(2771, 1, '添加', '进行车辆的添加', '2018-01-04 12:06:24'),
	(2772, 1, '添加', '进行添加报案单', '2018-01-04 12:38:33'),
	(2773, 1, '添加', '进行添加报案单', '2018-01-04 12:38:33'),
	(2774, NULL, NULL, NULL, NULL),
	(2775, 1, '修改', '进行用户停用操作', '2018-01-04 13:19:27'),
	(2776, 1, '修改', '进行车牌修改', '2018-01-04 13:20:04'),
	(2777, 1, '修改', '进行用户停用操作', '2018-01-04 13:20:26'),
	(2778, 1, '修改', '进行用户停用操作', '2018-01-04 13:20:33'),
	(2779, 1, '修改', '进行用户还原操作', '2018-01-04 13:20:39'),
	(2780, 1, '添加', '进行车辆的添加', '2018-01-04 13:30:39'),
	(2781, 1, '添加', '进行车辆的添加', '2018-01-04 13:32:29'),
	(2782, 1, '添加', '进行车辆的添加', '2018-01-04 13:38:50'),
	(2783, NULL, NULL, NULL, NULL),
	(2784, NULL, NULL, NULL, NULL),
	(2785, NULL, NULL, NULL, NULL),
	(2786, NULL, NULL, NULL, NULL),
	(2787, NULL, NULL, NULL, NULL),
	(2788, NULL, NULL, NULL, NULL),
	(2789, NULL, NULL, NULL, NULL),
	(2790, 1, '添加', '进行添加报案单', '2018-01-04 14:45:51'),
	(2791, 1, '添加', '进行添加报案单', '2018-01-04 14:45:51'),
	(2792, 1, '添加', '进行添加报案单', '2018-01-04 15:28:05'),
	(2793, 1, '添加', '进行添加报案单', '2018-01-04 15:28:05'),
	(2794, 1, '添加', '进行添加报案单', '2018-01-04 15:29:15'),
	(2795, 1, '添加', '进行添加报案单', '2018-01-04 15:29:15'),
	(2796, 1, '添加', '进行添加报案单', '2018-01-04 15:31:59'),
	(2797, 1, '添加', '进行添加报案单', '2018-01-04 15:31:59'),
	(2798, 1, '添加', '进行添加报案单', '2018-01-04 15:33:04'),
	(2799, 1, '添加', '进行添加报案单', '2018-01-04 15:33:04'),
	(2800, 1, '添加', '进行添加报案单', '2018-01-04 15:33:56'),
	(2801, 1, '添加', '进行添加报案单', '2018-01-04 15:33:56'),
	(2802, 1, '修改', '进行理赔结算', '2018-01-04 15:35:56'),
	(2803, 1, '添加', '进行车辆的添加', '2018-01-04 16:07:52'),
	(2804, 1, '添加', '进行车辆的添加', '2018-01-04 16:10:38'),
	(2805, NULL, NULL, NULL, NULL),
	(2806, NULL, NULL, NULL, NULL),
	(2807, NULL, NULL, NULL, NULL),
	(2808, NULL, NULL, NULL, NULL),
	(2809, NULL, NULL, NULL, NULL),
	(2810, NULL, NULL, NULL, NULL),
	(2811, 1, '添加', '添加保险订单', '2018-01-04 16:26:53'),
	(2812, 1, '添加', '添加保险订单', '2018-01-04 16:26:53'),
	(2813, 1, '添加', '添加保险订单', '2018-01-04 16:26:53'),
	(2814, 1, '添加', '添加保险订单', '2018-01-04 16:26:53'),
	(2815, 1, '添加', '添加保险订单', '2018-01-04 16:26:53'),
	(2816, 1, '添加', '添加保险订单', '2018-01-04 16:30:24'),
	(2817, 1, '添加', '添加保险订单', '2018-01-04 16:30:24'),
	(2818, 1, '添加', '添加保险订单', '2018-01-04 16:30:24'),
	(2819, 1, '添加', '添加保险订单', '2018-01-04 16:30:24'),
	(2820, 1, '添加', '添加保险订单', '2018-01-04 16:30:24'),
	(2821, 1, '添加', '添加保险订单', '2018-01-04 16:30:24'),
	(2822, 1, '添加', '添加保险订单', '2018-01-04 16:50:48'),
	(2823, 1, '添加', '添加保险订单', '2018-01-04 16:50:48'),
	(2824, 1, '修改', '解冻账号35', '2018-01-04 17:21:15'),
	(2825, 1, '修改', '解冻账号36', '2018-01-04 17:21:26'),
	(2826, 1, '修改', '修改账号36', '2018-01-04 17:22:35'),
	(2827, 1, '修改', '修改账号35', '2018-01-04 17:22:50'),
	(2828, 1, '添加', '新增账号0', '2018-01-04 17:23:30'),
	(2829, 1, '修改', '进行用户停用操作', '2018-01-04 17:28:26'),
	(2830, 1, '添加', '新增角色0', '2018-01-04 17:49:39'),
	(2831, 1, '添加', '新增角色0', '2018-01-04 17:50:14'),
	(2832, 1, '添加', '新增角色0', '2018-01-04 17:58:36'),
	(2833, 1, '添加', '新增角色0', '2018-01-04 17:59:19'),
	(2834, 1, '添加', '新增角色0', '2018-01-04 18:00:08'),
	(2835, 1, '添加', '新增角色0', '2018-01-04 18:00:54'),
	(2836, 1, '添加', '新增角色0', '2018-01-04 18:01:51'),
	(2837, 1, '添加', '新增角色0', '2018-01-04 18:03:54'),
	(2838, 1, '添加', '新增角色0', '2018-01-04 18:05:00'),
	(2839, 1, '添加', '新增角色0', '2018-01-04 18:05:30'),
	(2840, 1, '添加', '新增角色0', '2018-01-04 18:06:28'),
	(2841, 1, '添加', '新增角色0', '2018-01-04 18:08:19'),
	(2842, 1, '添加', '新增角色0', '2018-01-04 18:10:44'),
	(2843, 1, '添加', '新增角色0', '2018-01-04 18:12:20'),
	(2844, 1, '添加', '新增角色0', '2018-01-04 18:14:13'),
	(2845, 1, '添加', '新增角色0', '2018-01-04 18:17:35'),
	(2846, 1, '修改', '修改角色0', '2018-01-04 18:35:28'),
	(2847, 1, '删除', '删除角色34', '2018-01-04 18:46:43'),
	(2848, 1, '删除', '删除角色33', '2018-01-04 18:46:46'),
	(2849, 1, '删除', '删除角色32', '2018-01-04 18:46:48'),
	(2850, 1, '删除', '删除角色31', '2018-01-04 18:46:51'),
	(2851, 1, '删除', '删除角色30', '2018-01-04 18:46:54'),
	(2852, 1, '删除', '删除角色29', '2018-01-04 18:46:57'),
	(2853, 1, '修改', '进行理赔结算', '2018-01-04 19:55:16'),
	(2854, NULL, NULL, NULL, NULL),
	(2855, 1, '修改', '进行修改用户状态操作', '2018-01-05 10:12:16'),
	(2856, 1, '修改', '进行修改用户状态操作', '2018-01-05 10:12:37'),
	(2857, 1, '修改', '进行修改用户状态操作', '2018-01-05 10:13:10'),
	(2858, 1, '修改', '进行理赔结算', '2018-01-05 10:13:23'),
	(2859, 1, '添加', '添加理赔记录', '2018-01-05 10:13:24'),
	(2860, 1, '修改', '进行修改用户状态操作', '2018-01-05 10:14:06'),
	(2861, 1, '修改', '进行修改用户状态操作', '2018-01-05 10:14:39'),
	(2862, 1, '修改', '进行修改用户状态操作', '2018-01-05 10:14:43'),
	(2863, 1, '修改', '进行修改用户状态操作', '2018-01-05 10:14:53'),
	(2864, 1, '修改', '进行修改用户状态操作', '2018-01-05 10:15:20'),
	(2865, NULL, NULL, NULL, NULL),
	(2866, 1, '修改', '解冻账号1', '2018-01-05 10:33:57'),
	(2867, NULL, NULL, NULL, NULL),
	(2868, 1, '修改', '解冻账号2', '2018-01-05 10:34:00'),
	(2869, 1, '修改', '解冻账号5', '2018-01-05 10:34:03'),
	(2870, NULL, NULL, NULL, NULL),
	(2871, NULL, NULL, NULL, NULL),
	(2872, NULL, NULL, NULL, NULL),
	(2873, NULL, NULL, NULL, NULL),
	(2874, 1, '删除', '删除角色21', '2018-01-05 11:07:04'),
	(2875, 1, '修改', '进行理赔结算', '2018-01-05 11:09:45'),
	(2876, 1, '添加', '添加理赔记录', '2018-01-05 11:09:45'),
	(2877, 1, '修改', '解冻账号37', '2018-01-05 11:12:09'),
	(2878, 1, '修改', '解冻账号39', '2018-01-05 11:12:12'),
	(2879, 1, '修改', '进行理赔结算', '2018-01-05 11:12:31'),
	(2880, 1, '修改', '解冻账号40', '2018-01-05 11:12:14'),
	(2881, 1, '添加', '添加理赔记录', '2018-01-05 11:12:34'),
	(2882, 1, '修改', '解冻账号43', '2018-01-05 11:12:16'),
	(2883, 1, '修改', '解冻账号44', '2018-01-05 11:12:19'),
	(2884, 1, '修改', '进行理赔结算', '2018-01-05 11:20:06'),
	(2885, 1, '添加', '添加理赔记录', '2018-01-05 11:20:06'),
	(2886, 1, '删除', '删除支点null', '2018-01-05 11:22:39'),
	(2887, NULL, NULL, NULL, NULL),
	(2888, NULL, NULL, NULL, NULL),
	(2889, NULL, NULL, NULL, NULL),
	(2890, NULL, NULL, NULL, NULL),
	(2891, 1, '添加', '新增账号0', '2018-01-05 14:33:01'),
	(2892, 1, '修改', '修改账号45', '2018-01-05 14:33:09'),
	(2893, 1, '修改', '修改账号45', '2018-01-05 14:33:16'),
	(2894, 1, '修改', '修改账号45', '2018-01-05 14:33:37'),
	(2895, 1, '修改', '修改账号45', '2018-01-05 14:34:16'),
	(2896, 1, '修改', '修改账号45', '2018-01-05 14:34:33'),
	(2897, 1, '修改', '修改账号45', '2018-01-05 14:35:26'),
	(2898, 1, '修改', '修改账号45', '2018-01-05 14:36:41'),
	(2899, 1, '修改', '修改账号45', '2018-01-05 14:38:31'),
	(2900, 1, '修改', '进行修改用户状态操作', '2018-01-05 14:40:38'),
	(2901, 1, '添加', '新增角色0', '2018-01-05 14:42:22'),
	(2902, 1, '添加', '进行添加报案单', '2018-01-05 14:48:11'),
	(2903, 1, '添加', '进行添加报案单', '2018-01-05 14:48:11'),
	(2904, 1, '修改', '进行理赔结算', '2018-01-05 14:58:49'),
	(2905, 1, '修改', '修改角色29', '2018-01-05 15:00:22'),
	(2906, 1, '修改', '进行理赔结算', '2018-01-05 15:01:12'),
	(2907, 1, '修改', '修改角色29', '2018-01-05 15:03:14'),
	(2908, 1, '修改', '修改账号45', '2018-01-05 15:03:39'),
	(2909, 1, '修改', '修改账号45', '2018-01-05 15:03:53'),
	(2910, 1, '删除', '删除账号45', '2018-01-05 15:03:58'),
	(2911, 1, '修改', '进行理赔结算', '2018-01-05 15:04:01'),
	(2912, 1, '修改', '修改支点顶顶', '2018-01-05 15:05:05'),
	(2913, 1, '修改', '冻结账号43', '2018-01-05 15:05:24'),
	(2914, 1, '修改', '解冻账号43', '2018-01-05 15:05:30'),
	(2915, 1, '修改', '进行理赔结算', '2018-01-05 15:10:58'),
	(2916, 1, '修改', '进行理赔结算', '2018-01-05 15:11:57'),
	(2917, 1, '添加', '添加理赔记录', '2018-01-05 15:11:58'),
	(2918, 1, '修改', '修改支点顶顶', '2018-01-05 15:15:00'),
	(2919, 1, '修改', '修改支点顶顶', '2018-01-05 15:15:30'),
	(2920, 1, '修改', '进行理赔结算', '2018-01-05 15:16:55'),
	(2921, 1, '添加', '添加理赔记录', '2018-01-05 15:16:55'),
	(2922, 1, '修改', '修改支点顶顶', '2018-01-05 15:17:21'),
	(2923, 1, '修改', '进行修改理赔状态操作', '2018-01-05 15:20:24'),
	(2924, 1, '修改', '进行修改理赔状态操作', '2018-01-05 15:20:49'),
	(2925, 1, '修改', '进行修改理赔状态操作', '2018-01-05 15:22:51'),
	(2926, 1, '修改', '进行修改理赔状态操作', '2018-01-05 15:23:10'),
	(2927, 1, '添加', '添加支点8', '2018-01-05 15:24:24'),
	(2928, 1, '修改', '进行修改保险状态操作', '2018-01-05 15:28:21'),
	(2929, 1, '修改', '进行修改保险状态操作', '2018-01-05 15:28:25'),
	(2930, 1, '添加', '添加支点9', '2018-01-05 15:29:52'),
	(2931, 1, '添加', '添加支点9', '2018-01-05 15:30:29'),
	(2932, 1, '删除', '删除支点null', '2018-01-05 15:31:06'),
	(2933, 1, '删除', '删除支点null', '2018-01-05 15:31:09'),
	(2934, 1, '删除', '删除支点null', '2018-01-05 15:31:13'),
	(2935, 1, '修改', '进行理赔结算', '2018-01-05 15:32:11'),
	(2936, 1, '添加', '添加支点9', '2018-01-05 15:33:00'),
	(2937, 1, '修改', '进行理赔结算', '2018-01-05 15:33:56'),
	(2938, 1, '添加', '添加支点8', '2018-01-05 15:34:26'),
	(2939, 1, '添加', '添加支点7', '2018-01-05 15:35:32'),
	(2940, 1, '添加', '添加支点9', '2018-01-05 15:36:13'),
	(2941, 1, '添加', '添加支点设计开发的', '2018-01-05 15:36:48'),
	(2942, 1, '添加', '添加支点设计开发的', '2018-01-05 15:36:55'),
	(2943, 1, '添加', '添加支点设计开发的', '2018-01-05 15:36:55'),
	(2944, 1, '添加', '添加支点设计开发的', '2018-01-05 15:36:55'),
	(2945, 1, '添加', '添加支点设计开发的', '2018-01-05 15:36:55'),
	(2946, 1, '添加', '添加支点设计开发的', '2018-01-05 15:36:55'),
	(2947, 1, '添加', '添加支点设计开发的', '2018-01-05 15:36:56'),
	(2948, 1, '修改', '进行理赔结算', '2018-01-05 15:37:39'),
	(2949, 1, '添加', '添加支点8', '2018-01-05 15:38:08'),
	(2950, 1, '添加', '添加支点9', '2018-01-05 15:41:17'),
	(2951, 1, '添加', '添加支点9', '2018-01-05 15:41:26'),
	(2952, 1, '添加', '添加支点9', '2018-01-05 15:41:26'),
	(2953, 1, '添加', '添加支点9', '2018-01-05 15:41:26'),
	(2954, 1, '添加', '添加支点9', '2018-01-05 15:41:26'),
	(2955, 1, '删除', '删除支点null', '2018-01-05 15:41:55'),
	(2956, 1, '删除', '删除支点null', '2018-01-05 15:41:58'),
	(2957, 1, '删除', '删除支点null', '2018-01-05 15:42:01'),
	(2958, 1, '删除', '删除支点null', '2018-01-05 15:42:05'),
	(2959, 1, '删除', '删除支点null', '2018-01-05 15:42:09'),
	(2960, 1, '删除', '删除支点null', '2018-01-05 15:42:13'),
	(2961, 1, '添加', '添加支点8', '2018-01-05 15:47:23'),
	(2962, 1, '添加', '添加支点1', '2018-01-05 15:51:59'),
	(2963, 1, '修改', '进行理赔结算', '2018-01-05 15:52:38'),
	(2964, 1, '添加', '添加理赔记录', '2018-01-05 15:52:38'),
	(2965, 1, '修改', '冻结账号36', '2018-01-05 15:53:14'),
	(2966, 1, '修改', '解冻账号36', '2018-01-05 15:53:17'),
	(2967, 1, '添加', '添加支点8', '2018-01-05 15:53:25'),
	(2968, 1, '添加', '添加支点1', '2018-01-05 15:53:40'),
	(2969, 1, '添加', '添加支点1', '2018-01-05 15:53:59'),
	(2970, 1, '删除', '删除支点null', '2018-01-05 15:54:04'),
	(2971, 1, '删除', '删除支点null', '2018-01-05 15:54:09'),
	(2972, 1, '删除', '删除支点null', '2018-01-05 15:54:28'),
	(2973, 1, '删除', '删除支点null', '2018-01-05 15:54:31'),
	(2974, 1, '删除', '删除支点null', '2018-01-05 15:54:34'),
	(2975, 1, '修改', '修改支点设计开发', '2018-01-05 15:54:42'),
	(2976, 1, '修改', '修改支点设计开发', '2018-01-05 15:54:53'),
	(2977, 1, '修改', '进行理赔结算', '2018-01-05 15:56:28'),
	(2978, 1, '添加', '添加理赔记录', '2018-01-05 15:56:29'),
	(2979, 1, '修改', '修改支点设计开发', '2018-01-05 15:56:45'),
	(2980, 1, '修改', '修改支点设计开发', '2018-01-05 15:56:57'),
	(2981, 1, '修改', '修改支点设计开发', '2018-01-05 15:57:20'),
	(2982, 1, '添加', '新增角色0', '2018-01-05 16:01:11'),
	(2983, 1, '修改', '进行理赔结算', '2018-01-05 16:02:36'),
	(2984, 1, '添加', '添加理赔记录', '2018-01-05 16:02:36'),
	(2985, 1, '修改', '进行理赔结算', '2018-01-05 16:03:47'),
	(2986, 1, '添加', '添加理赔记录', '2018-01-05 16:03:48'),
	(2987, 1, '修改', '进行理赔结算', '2018-01-05 16:05:34'),
	(2988, 1, '添加', '添加理赔记录', '2018-01-05 16:05:34'),
	(2989, 1, '修改', '修改角色30', '2018-01-05 16:06:13'),
	(2990, 1, '修改', '进行理赔结算', '2018-01-05 16:06:36'),
	(2991, 1, '添加', '添加理赔记录', '2018-01-05 16:06:36'),
	(2992, 1, '添加', '新增账号0', '2018-01-05 16:06:58'),
	(2993, 1, '修改', '修改账号35', '2018-01-05 16:07:12'),
	(2994, 1, '修改', '修改账号35', '2018-01-05 16:07:22'),
	(2995, 1, '修改', '进行理赔结算', '2018-01-05 16:07:50'),
	(2996, 1, '添加', '添加理赔记录', '2018-01-05 16:07:50'),
	(2997, 1, '修改', '修改支点设计开发', '2018-01-05 16:07:59'),
	(2998, 1, '修改', '修改支点设计开发的', '2018-01-05 16:08:10'),
	(2999, 1, '修改', '进行理赔结算', '2018-01-05 16:09:21'),
	(3000, 1, '添加', '添加理赔记录', '2018-01-05 16:09:21'),
	(3001, 1, '修改，添加', '进行修改理赔状态和添加赔付记录操作', '2018-01-05 16:43:53'),
	(3002, 1, '修改，添加', '进行修改理赔状态和添加赔付记录操作', '2018-01-05 16:43:53'),
	(3003, 1, '修改，添加', '进行修改理赔状态和添加赔付记录操作', '2018-01-05 16:50:15'),
	(3004, 1, '修改，添加', '进行修改理赔状态和添加赔付记录操作', '2018-01-05 16:50:15'),
	(3005, 1, '修改，添加', '进行修改理赔状态和添加赔付记录操作', '2018-01-05 17:20:52'),
	(3006, 1, '修改，添加', '进行修改理赔状态和添加赔付记录操作', '2018-01-05 17:20:52'),
	(3007, 1, '添加', '添加支点null', '2018-01-05 17:22:03'),
	(3008, 1, '修改，添加', '进行修改理赔状态和添加赔付记录操作', '2018-01-05 17:26:05'),
	(3009, 1, '修改，添加', '进行修改理赔状态和添加赔付记录操作', '2018-01-05 17:26:05'),
	(3010, 1, '添加', '进行用户添加操作', '2018-01-05 17:26:17'),
	(3011, 1, '添加', '进行用户添加操作', '2018-01-05 17:27:25'),
	(3012, 1, '添加', '进行用户添加操作', '2018-01-05 17:27:52'),
	(3013, 1, '修改，添加', '进行修改理赔状态和添加赔付记录操作', '2018-01-05 17:28:14'),
	(3014, 1, '修改，添加', '进行修改理赔状态和添加赔付记录操作', '2018-01-05 17:28:14'),
	(3015, 1, '添加', '进行用户添加操作', '2018-01-05 17:52:10'),
	(3016, 1, '添加', '进行用户添加操作', '2018-01-05 17:52:42'),
	(3017, 1, '添加', '进行用户添加操作', '2018-01-05 17:53:59'),
	(3018, 1, '添加', '进行用户添加操作', '2018-01-05 17:55:47'),
	(3019, 1, '添加', '进行添加报案单', '2018-01-05 18:42:12'),
	(3020, 1, '添加', '进行添加报案单', '2018-01-05 18:42:12'),
	(3021, 1, '修改', '进行理赔结算', '2018-01-05 19:15:01'),
	(3022, 1, '添加', '添加理赔记录', '2018-01-05 19:15:03'),
	(3023, 1, '修改', '进行理赔结算', '2018-01-05 19:31:05'),
	(3024, 1, '添加', '添加理赔记录', '2018-01-05 19:31:05'),
	(3025, 1, '修改', '进行用户还原操作', '2018-01-05 19:34:15'),
	(3026, 1, '登录', '进行用户登录操作', '2018-01-06 09:16:40'),
	(3027, 1, '注销', 'admin用户登录成功', '2018-01-06 09:16:44'),
	(3028, 1, '注销', 'admin进行用户注销操作', '2018-01-06 09:18:35'),
	(3029, 1, '注销', 'null进行用户注销操作', '2018-01-06 09:20:02'),
	(3030, 1, '删除', '删除支点null', '2018-01-06 09:20:21'),
	(3031, 1, '删除', '删除支点null', '2018-01-06 09:20:26'),
	(3032, 1, '注销', 'null进行用户注销操作', '2018-01-06 09:22:15'),
	(3033, 1, '注销', 'null进行用户注销操作', '2018-01-06 09:22:43'),
	(3034, 1, '登录', '进行用户登录操作', '2018-01-06 09:23:29'),
	(3035, 1, '登录', '进行用户登录操作', '2018-01-06 09:28:07'),
	(3036, 1, '注销', 'admin用户登录成功', '2018-01-06 09:28:07'),
	(3037, 1, '修改', '进行用户详细信息的修改操作', '2018-01-06 09:29:11'),
	(3038, 1, '删除', '删除1辆车', '2018-01-06 09:30:32'),
	(3039, 1, '添加', '添加支点9', '2018-01-06 09:35:49'),
	(3040, 1, '登录', '进行用户登录操作', '2018-01-06 09:43:33'),
	(3041, 1, '注销', 'admin用户登录成功', '2018-01-06 09:43:34'),
	(3042, 1, '登录', '进行用户登录操作', '2018-01-06 09:56:17'),
	(3043, 1, '登录', 'admin用户登录成功', '2018-01-06 09:56:17'),
	(3044, 1, '注销', 'admin进行用户注销操作', '2018-01-06 09:56:20'),
	(3045, 1, '登录', '进行用户登录操作', '2018-01-06 09:56:32'),
	(3046, 1, '登录', '进行用户登录操作', '2018-01-06 09:56:45'),
	(3047, 46, '登录', '5用户登录成功', '2018-01-06 09:56:45'),
	(3048, 1, '修改', '冻结账号36', '2018-01-06 10:02:48'),
	(3049, 1, '修改', '冻结账号35', '2018-01-06 10:02:51'),
	(3050, 1, '修改', '冻结账号34', '2018-01-06 10:02:53'),
	(3051, 1, '修改', '冻结账号31', '2018-01-06 10:02:56'),
	(3052, 1, '修改', '冻结账号29', '2018-01-06 10:02:58'),
	(3053, 1, '修改', '冻结账号28', '2018-01-06 10:03:01'),
	(3054, 1, '修改', '冻结账号27', '2018-01-06 10:03:03'),
	(3055, 1, '修改', '冻结账号23', '2018-01-06 10:03:05'),
	(3056, 1, '删除', '删除支点null', '2018-01-06 10:06:05'),
	(3057, 1, '删除', '删除支点35', '2018-01-06 10:07:18'),
	(3058, 1, '修改', '进行理赔结算', '2018-01-06 10:50:21'),
	(3059, 1, '添加', '添加理赔记录', '2018-01-06 10:50:22'),
	(3060, 1, '添加', '进行用户添加操作', '2018-01-06 11:54:13'),
	(3061, 1, '添加', '进行车辆的添加', '2018-01-06 11:57:21'),
	(3062, 1, '添加', '添加保险订单', '2018-01-06 11:59:06'),
	(3063, 1, '添加', '添加保险订单', '2018-01-06 11:59:06'),
	(3064, 1, '添加', '添加保险订单', '2018-01-06 11:59:06'),
	(3065, 1, '添加', '添加保险订单', '2018-01-06 11:59:06'),
	(3066, 1, '删除', '删除1角色', '2018-01-06 12:22:35'),
	(3067, 1, '删除', '删除1角色', '2018-01-06 12:23:43'),
	(3068, 1, '删除', '删除1角色', '2018-01-06 12:23:51'),
	(3069, 1, '删除', '删除1角色', '2018-01-06 12:25:09'),
	(3070, 1, '删除', '删除1角色', '2018-01-06 12:26:00'),
	(3071, 1, '删除', '删除1角色', '2018-01-06 12:26:45'),
	(3072, 1, '删除', '删除3角色', '2018-01-06 12:27:16'),
	(3073, 1, '删除', '删除2角色', '2018-01-06 12:28:45'),
	(3074, 1, '删除', '删除1个角色[46]', '2018-01-06 12:58:56'),
	(3075, 1, '删除', '删除1个角色[46]', '2018-01-06 12:59:05'),
	(3076, 1, '删除', '删除1个角色[46]', '2018-01-06 12:59:26'),
	(3077, 1, '删除', '删除1个角色[46]', '2018-01-06 12:59:49'),
	(3078, 1, '删除', '删除1个管理员[46]', '2018-01-06 13:00:27'),
	(3079, 1, '删除', '删除3个管理员[31, 29, 28]', '2018-01-06 13:00:41'),
	(3080, 1, '删除', '删除1个支点[37]', '2018-01-06 13:18:48'),
	(3081, 1, '添加', '进行添加报案单', '2018-01-06 16:06:31'),
	(3082, 1, '添加', '进行添加报案单', '2018-01-06 16:06:31'),
	(3083, 1, '添加', '进行添加报案单', '2018-01-06 16:22:04'),
	(3084, 1, '添加', '进行添加报案单', '2018-01-06 16:22:04'),
	(3085, 1, '修改', '进行修改保险状态操作', '2018-01-06 17:06:58'),
	(3086, 1, '修改', '进行修改保险状态操作', '2018-01-06 17:07:01'),
	(3087, 1, '修改', '进行修改保险状态操作', '2018-01-06 17:07:03'),
	(3088, 1, '修改', '进行修改保险状态操作', '2018-01-06 17:07:06'),
	(3089, 1, '登录', '进行用户登录操作', '2018-01-06 17:14:37'),
	(3090, 1, '登录', '进行用户登录操作', '2018-01-06 17:14:45'),
	(3091, 1, '登录', '进行用户登录操作', '2018-01-06 17:14:52'),
	(3092, 1, '修改', '进行用户还原操作', '2018-01-06 17:15:18'),
	(3093, 1, '登录', '进行用户登录操作', '2018-01-06 17:19:49'),
	(3094, 1, '登录', '进行用户登录操作', '2018-01-06 17:19:58'),
	(3095, 1, '登录', '进行用户登录操作', '2018-01-06 17:20:33'),
	(3096, 1, '登录', '进行用户登录操作', '2018-01-06 17:20:46'),
	(3097, 1, '登录', '进行用户登录操作', '2018-01-06 17:22:13'),
	(3098, 1, '登录', '进行用户登录操作', '2018-01-06 17:22:19'),
	(3099, 1, '登录', '进行用户登录操作', '2018-01-06 17:22:23'),
	(3100, 1, '登录', '进行用户登录操作', '2018-01-06 17:22:47'),
	(3101, 1, '登录', '进行用户登录操作', '2018-01-06 17:35:04'),
	(3102, 1, '登录', '进行用户登录操作', '2018-01-06 17:35:08'),
	(3103, 1, '登录', '进行用户登录操作', '2018-01-06 17:35:11'),
	(3104, 1, '登录', '进行用户登录操作', '2018-01-06 17:35:34'),
	(3105, 1, '登录', '进行用户登录操作', '2018-01-06 17:36:53'),
	(3106, 1, '登录', '进行用户登录操作', '2018-01-06 17:37:43'),
	(3107, 1, '登录', 'admin用户登录成功', '2018-01-06 17:37:43'),
	(3108, 1, '修改', '进行修改车辆状态操作', '2018-01-06 17:38:06'),
	(3109, 1, '修改', '进行修改车辆状态操作', '2018-01-06 17:38:11'),
	(3110, 1, '修改', '进行修改车辆状态操作', '2018-01-06 17:38:14'),
	(3111, 1, '修改', '进行修改车辆状态操作', '2018-01-06 17:38:17'),
	(3112, 1, '修改', '进行修改车辆状态操作', '2018-01-06 17:38:20'),
	(3113, 1, '修改', '进行修改车辆状态操作', '2018-01-06 17:38:23'),
	(3114, 1, '修改', '进行修改车辆状态操作', '2018-01-06 17:38:26'),
	(3115, 1, '登录', '进行用户登录操作', '2018-01-06 17:39:02'),
	(3116, 1, '登录', '进行用户登录操作', '2018-01-06 17:39:06'),
	(3117, 1, '登录', '进行用户登录操作', '2018-01-06 17:39:09'),
	(3118, 1, '登录', '进行用户登录操作', '2018-01-06 17:39:36'),
	(3119, 1, '登录', 'admin用户登录成功', '2018-01-06 17:39:36'),
	(3120, 1, '登录', '进行用户登录操作', '2018-01-06 17:42:14'),
	(3121, 1, '登录', '进行用户登录操作', '2018-01-06 17:42:18'),
	(3122, 1, '登录', '进行用户登录操作', '2018-01-06 17:42:27'),
	(3123, 1, '登录', '进行用户登录操作', '2018-01-06 17:43:43'),
	(3124, 1, '登录', '进行用户登录操作', '2018-01-06 17:43:46'),
	(3125, 1, '登录', '进行用户登录操作', '2018-01-06 17:43:49'),
	(3126, 1, '登录', '进行用户登录操作', '2018-01-06 17:44:27'),
	(3127, 1, '登录', '进行用户登录操作', '2018-01-06 17:44:40'),
	(3128, 1, '登录', 'admin用户登录成功', '2018-01-06 17:44:40'),
	(3129, 1, '注销', 'admin进行用户注销操作', '2018-01-06 17:44:54'),
	(3130, 1, '登录', '进行用户登录操作', '2018-01-06 17:45:39'),
	(3131, 1, '登录', '进行用户登录操作', '2018-01-06 17:45:43'),
	(3132, 1, '登录', '进行用户登录操作', '2018-01-06 17:45:48'),
	(3133, 1, '登录', '进行用户登录操作', '2018-01-06 17:52:59'),
	(3134, 1, '登录', 'admin用户登录成功', '2018-01-06 17:52:59'),
	(3135, 1, '添加', '进行用户添加操作', '2018-01-06 20:43:01'),
	(3136, 1, '删除', '删除1辆车', '2018-01-06 20:54:12'),
	(3137, 1, '登录', '进行用户登录操作', '2018-01-06 20:58:06'),
	(3138, 1, '登录', '进行用户登录操作', '2018-01-07 10:28:17'),
	(3139, 1, '登录', '进行用户登录操作', '2018-01-07 10:28:31'),
	(3140, 1, '登录', 'admin用户登录成功', '2018-01-07 10:28:31'),
	(3141, 1, '登录', '进行用户登录操作', '2018-01-07 12:01:15'),
	(3142, 1, '注销', 'admin用户登录成功', '2018-01-07 12:01:15'),
	(3143, 1, '登录', '进行用户登录操作', '2018-01-08 09:02:13'),
	(3144, 1, '注销', 'admin用户登录成功', '2018-01-08 09:02:13'),
	(3145, 1, '登录', '进行用户登录操作', '2018-01-08 09:07:08'),
	(3146, 1, '登录', '进行用户登录操作', '2018-01-08 09:07:15'),
	(3147, 1, '登录', '进行用户登录操作', '2018-01-08 09:07:20'),
	(3148, 1, '删除', '删除账号48', '2018-01-08 09:07:57'),
	(3149, 1, '删除', '删除角色28', '2018-01-08 09:08:09'),
	(3150, 1, '修改', '修改角色30', '2018-01-08 09:08:15'),
	(3151, 1, '修改', '修改角色26', '2018-01-08 09:08:26'),
	(3152, 1, '登录', '进行用户登录操作', '2018-01-08 09:08:54'),
	(3153, 1, '修改', '修改角色26', '2018-01-08 09:08:35'),
	(3154, 1, '修改', '修改角色30', '2018-01-08 09:08:42'),
	(3155, 1, '修改', '修改角色30', '2018-01-08 09:09:18'),
	(3156, 1, '修改', '修改角色30', '2018-01-08 09:09:28'),
	(3157, 1, '登录', '进行用户登录操作', '2018-01-08 09:10:36'),
	(3158, 1, '登录', '进行用户登录操作', '2018-01-08 09:10:41'),
	(3159, 1, '登录', '进行用户登录操作', '2018-01-08 09:10:47'),
	(3160, 1, '登录', '进行用户登录操作', '2018-01-08 09:11:27'),
	(3161, 1, '登录', '进行用户登录操作', '2018-01-08 09:13:07'),
	(3162, 1, '登录', '进行用户登录操作', '2018-01-08 09:13:11'),
	(3163, 1, '登录', '进行用户登录操作', '2018-01-08 09:13:14'),
	(3164, 1, '登录', '进行用户登录操作', '2018-01-08 09:13:34'),
	(3165, 36, '登录', '333用户登录成功', '2018-01-08 09:13:34'),
	(3166, 1, '登录', '进行用户登录操作', '2018-01-08 09:18:49'),
	(3167, 36, '登录', '333用户登录成功', '2018-01-08 09:18:50'),
	(3168, 1, '登录', '进行用户登录操作', '2018-01-08 09:29:23'),
	(3169, 36, '登录', '333用户登录成功', '2018-01-08 09:29:24'),
	(3170, 1, '登录', '进行用户登录操作', '2018-01-08 09:29:29'),
	(3171, 1, '登录', '进行用户登录操作', '2018-01-08 09:29:34'),
	(3172, 1, '登录', '进行用户登录操作', '2018-01-08 09:29:41'),
	(3173, 1, '登录', '进行用户登录操作', '2018-01-08 09:29:47'),
	(3174, 1, '登录', '进行用户登录操作', '2018-01-08 09:30:14'),
	(3175, 1, '登录', '进行用户登录操作', '2018-01-08 09:31:12'),
	(3176, 1, '登录', '进行用户登录操作', '2018-01-08 09:34:12'),
	(3177, 1, '登录', '进行用户登录操作', '2018-01-08 09:34:15'),
	(3178, 1, '登录', '进行用户登录操作', '2018-01-08 09:34:18'),
	(3179, 1, '登录', '进行用户登录操作', '2018-01-08 09:34:25'),
	(3180, 1, '删除', '删除2个角色[30, 29]', '2018-01-08 09:35:07'),
	(3181, 1, '添加', '新增角色0', '2018-01-08 09:35:34'),
	(3182, 1, '登录', '进行用户登录操作', '2018-01-08 09:36:56'),
	(3183, 1, '登录', '进行用户登录操作', '2018-01-08 09:38:04'),
	(3184, 1, '登录', '进行用户登录操作', '2018-01-08 09:47:39'),
	(3185, 1, '登录', '进行用户登录操作', '2018-01-08 09:47:46'),
	(3186, 1, '登录', '进行用户登录操作', '2018-01-08 09:48:48'),
	(3187, 1, '登录', '进行用户登录操作', '2018-01-08 09:48:52'),
	(3188, 1, '登录', '进行用户登录操作', '2018-01-08 09:48:55'),
	(3189, 1, '登录', '进行用户登录操作', '2018-01-08 09:49:07'),
	(3190, 1, '登录', '进行用户登录操作', '2018-01-08 09:49:25'),
	(3191, 36, '登录', '333用户登录成功', '2018-01-08 09:49:25'),
	(3192, 1, '修改', '进行修改保险状态操作', '2018-01-08 09:59:53'),
	(3193, 1, '修改', '进行修改保险状态操作', '2018-01-08 10:00:16'),
	(3194, 1, '修改', '进行修改保险状态操作', '2018-01-08 10:02:22'),
	(3195, 1, '修改', '进行修改保险状态操作', '2018-01-08 10:02:30'),
	(3196, 1, '修改', '进行修改保险状态操作', '2018-01-08 10:02:33'),
	(3197, 1, '修改', '进行修改保险状态操作', '2018-01-08 10:02:57'),
	(3198, 1, '修改', '进行修改保险状态操作', '2018-01-08 10:04:37'),
	(3199, 1, '修改', '进行修改保险状态操作', '2018-01-08 10:04:54'),
	(3200, 1, '登录', '进行用户登录操作', '2018-01-08 11:25:12'),
	(3201, 1, '登录', '进行用户登录操作', '2018-01-08 11:25:24'),
	(3202, 1, '注销', 'admin用户登录成功', '2018-01-08 11:25:24'),
	(3203, 1, '修改，添加', '进行修改理赔状态和添加赔付记录操作', '2018-01-08 11:39:36'),
	(3204, 1, '修改，添加', '进行修改理赔状态和添加赔付记录操作', '2018-01-08 11:39:37'),
	(3205, 1, '修改，添加', '进行修改理赔状态和添加赔付记录操作', '2018-01-08 11:39:43'),
	(3206, 1, '修改，添加', '进行修改理赔状态和添加赔付记录操作', '2018-01-08 11:39:44'),
	(3207, 1, '修改，添加', '进行修改理赔状态和添加赔付记录操作', '2018-01-08 11:39:45'),
	(3208, 1, '修改', '进行修改保险状态操作', '2018-01-08 11:40:02'),
	(3209, 1, '修改，添加', '进行修改理赔状态和添加赔付记录操作', '2018-01-08 11:40:11'),
	(3210, 1, '修改，添加', '进行修改理赔状态和添加赔付记录操作', '2018-01-08 11:40:15'),
	(3211, 1, '修改，添加', '进行修改理赔状态和添加赔付记录操作', '2018-01-08 11:44:24'),
	(3212, 1, '修改，添加', '进行修改理赔状态和添加赔付记录操作', '2018-01-08 11:55:31'),
	(3213, 1, '修改，添加', '进行修改理赔状态和添加赔付记录操作', '2018-01-08 12:05:10'),
	(3214, 1, '修改，添加', '进行修改理赔状态和添加赔付记录操作', '2018-01-08 13:04:29'),
	(3215, 1, '修改，添加', '进行修改理赔状态和添加赔付记录操作', '2018-01-08 13:05:19'),
	(3216, 1, '修改，添加', '进行修改理赔状态和添加赔付记录操作', '2018-01-08 13:22:02'),
	(3217, 1, '修改，添加', '进行修改理赔状态和添加赔付记录操作', '2018-01-08 13:22:09'),
	(3218, 1, '修改，添加', '进行修改理赔状态和添加赔付记录操作', '2018-01-08 13:34:08'),
	(3219, 1, '修改，添加', '进行修改理赔状态和添加赔付记录操作', '2018-01-08 13:34:08'),
	(3220, 1, '修改，添加', '进行修改理赔状态和添加赔付记录操作', '2018-01-08 13:34:13'),
	(3221, 1, '修改，添加', '进行修改理赔状态和添加赔付记录操作', '2018-01-08 13:34:13'),
	(3222, 1, '修改', '进行修改保险状态操作', '2018-01-08 13:53:25'),
	(3223, 1, '修改', '进行修改保险状态操作', '2018-01-08 13:59:08'),
	(3224, 1, '修改', '修改账号47', '2018-01-08 14:02:16'),
	(3225, 1, '修改', '进行修改保险状态操作', '2018-01-08 14:03:07'),
	(3226, 1, '修改', '修改账号18', '2018-01-08 14:06:01'),
	(3227, 1, '修改', '修改账号18', '2018-01-08 14:06:14'),
	(3228, 1, '删除', '删除账号18', '2018-01-08 14:07:04'),
	(3229, 1, '登录', '进行用户登录操作', '2018-01-08 14:07:44'),
	(3230, 1, '注销', 'admin用户登录成功', '2018-01-08 14:07:44'),
	(3231, 1, '修改', '修改账号23', '2018-01-08 14:07:32'),
	(3232, 1, '修改', '修改账号47', '2018-01-08 14:07:44'),
	(3233, 1, '修改', '进行修改保险状态操作', '2018-01-08 14:11:48'),
	(3234, 1, '修改', '进行修改保险状态操作', '2018-01-08 14:11:52'),
	(3235, 1, '修改，添加', '进行修改理赔状态和添加赔付记录操作', '2018-01-08 14:13:22'),
	(3236, 1, '修改，添加', '进行修改理赔状态和添加赔付记录操作', '2018-01-08 14:13:22'),
	(3237, 1, '修改', '进行修改保险状态操作', '2018-01-08 14:14:44'),
	(3238, 1, '修改', '进行修改保险状态操作', '2018-01-08 14:16:14'),
	(3239, 1, '修改', '进行修改保险状态操作', '2018-01-08 14:16:17'),
	(3240, 1, '登录', '进行用户登录操作', '2018-01-08 14:54:16'),
	(3241, 1, '注销', 'admin用户登录成功', '2018-01-08 14:54:16'),
	(3242, 1, '修改', '进行修改车辆状态操作', '2018-01-08 14:54:50'),
	(3243, 1, '修改', '进行修改车辆状态操作', '2018-01-08 14:54:53'),
	(3244, 1, '登录', '进行用户登录操作', '2018-01-08 15:16:00'),
	(3245, 1, '注销', 'admin用户登录成功', '2018-01-08 15:16:00'),
	(3246, 1, '登录', '进行用户登录操作', '2018-01-08 15:19:04'),
	(3247, 1, '登录', '进行用户登录操作', '2018-01-08 15:19:09'),
	(3248, 36, '登录', '333用户登录成功', '2018-01-08 15:19:10'),
	(3249, 1, '登录', '进行用户登录操作', '2018-01-08 15:19:15'),
	(3250, 1, '登录', '进行用户登录操作', '2018-01-08 15:19:18'),
	(3251, 1, '登录', '进行用户登录操作', '2018-01-08 15:19:21'),
	(3252, 1, '登录', '进行用户登录操作', '2018-01-08 15:35:33'),
	(3253, 1, '注销', 'admin用户登录成功', '2018-01-08 15:35:34'),
	(3254, 1, '登录', '进行用户登录操作', '2018-01-08 15:35:40'),
	(3255, 1, '登录', '进行用户登录操作', '2018-01-08 15:35:51'),
	(3256, 1, '登录', '进行用户登录操作', '2018-01-08 15:35:57'),
	(3257, 1, '登录', '进行用户登录操作', '2018-01-08 15:36:01'),
	(3258, 1, '登录', '进行用户登录操作', '2018-01-08 15:36:07'),
	(3259, 1, '登录', '进行用户登录操作', '2018-01-08 15:36:17'),
	(3260, 1, '注销', 'admin用户登录成功', '2018-01-08 15:36:17'),
	(3261, 1, '登录', '进行用户登录操作', '2018-01-08 15:36:47'),
	(3262, 36, '登录', '333用户登录成功', '2018-01-08 15:36:48'),
	(3263, 1, '登录', '进行用户登录操作', '2018-01-08 15:36:52'),
	(3264, 1, '登录', '进行用户登录操作', '2018-01-08 15:36:55'),
	(3265, 1, '登录', '进行用户登录操作', '2018-01-08 15:36:57'),
	(3266, 1, '登录', '进行用户登录操作', '2018-01-08 15:37:29'),
	(3267, 36, '登录', '333用户登录成功', '2018-01-08 15:37:29'),
	(3268, 1, '登录', '进行用户登录操作', '2018-01-08 15:37:32'),
	(3269, 1, '注销', 'admin用户登录成功', '2018-01-08 15:37:32'),
	(3270, NULL, NULL, NULL, NULL),
	(3271, 1, '登录', '进行用户登录操作', '2018-01-08 15:43:41'),
	(3272, 36, '注销', '333用户登录成功', '2018-01-08 15:43:41'),
	(3273, 1, '修改', '进行修改保险状态操作', '2018-01-08 15:45:41'),
	(3274, 1, '修改', '进行修改保险状态操作', '2018-01-08 15:45:43'),
	(3275, 1, '登录', '进行用户登录操作', '2018-01-08 15:47:21'),
	(3276, 1, '登录', 'admin用户登录成功', '2018-01-08 15:47:21'),
	(3277, 1, '登录', '进行用户登录操作', '2018-01-08 15:47:47'),
	(3278, 1, '登录', '进行用户登录操作', '2018-01-08 15:47:51'),
	(3279, 1, '登录', '进行用户登录操作', '2018-01-08 15:47:54'),
	(3280, 1, '登录', '进行用户登录操作', '2018-01-08 15:51:09'),
	(3281, 1, '登录', '进行用户登录操作', '2018-01-08 15:51:13'),
	(3282, 1, '登录', '进行用户登录操作', '2018-01-08 15:51:16'),
	(3283, 1, '登录', '进行用户登录操作', '2018-01-08 15:51:40'),
	(3284, 36, '登录', '333用户登录成功', '2018-01-08 15:51:40'),
	(3285, 1, '修改', '已缴费61', '2018-01-08 15:53:47'),
	(3286, 1, '修改', '已缴费61', '2018-01-08 15:53:47'),
	(3287, 1, '修改', '已缴费61', '2018-01-08 15:53:47'),
	(3288, 1, '修改', '进行用户还原操作', '2018-01-08 15:54:34'),
	(3289, 1, '登录', '进行用户登录操作', '2018-01-08 15:56:33'),
	(3290, 36, '注销', '333用户登录成功', '2018-01-08 15:56:33'),
	(3291, 1, '登录', '进行用户登录操作', '2018-01-08 15:56:52'),
	(3292, 36, '注销', '333用户登录成功', '2018-01-08 15:56:52'),
	(3293, 1, '登录', '进行用户登录操作', '2018-01-08 15:57:10'),
	(3294, 36, '注销', '333用户登录成功', '2018-01-08 15:57:10'),
	(3295, 1, '登录', '进行用户登录操作', '2018-01-08 15:57:27'),
	(3296, 1, '登录', 'admin用户登录成功', '2018-01-08 15:57:28'),
	(3297, 1, '登录', '进行用户登录操作', '2018-01-08 15:59:41'),
	(3298, 1, '登录', 'admin用户登录成功', '2018-01-08 15:59:41'),
	(3299, 1, '添加', '进行用户添加操作', '2018-01-08 16:01:25'),
	(3300, 1, '登录', '进行用户登录操作', '2018-01-08 16:01:46'),
	(3301, 36, '注销', '333用户登录成功', '2018-01-08 16:01:46'),
	(3302, 1, '修改', '进行修改保险单状态操作', '2018-01-08 16:01:57'),
	(3303, 1, '修改', '进行修改保险单状态操作', '2018-01-08 16:02:17'),
	(3304, 1, '修改', '进行修改保险单状态操作', '2018-01-08 16:02:32'),
	(3305, 1, '修改', '进行修改保险单状态操作', '2018-01-08 16:02:34'),
	(3306, 1, '登录', '进行用户登录操作', '2018-01-08 16:12:21'),
	(3307, 1, '登录', '进行用户登录操作', '2018-01-08 16:12:30'),
	(3308, 1, '登录', '进行用户登录操作', '2018-01-08 16:12:34'),
	(3309, 1, '登录', '进行用户登录操作', '2018-01-08 16:12:39'),
	(3310, 1, '登录', '进行用户登录操作', '2018-01-08 16:13:37'),
	(3311, 1, '登录', '进行用户登录操作', '2018-01-08 16:13:40'),
	(3312, 1, '登录', '进行用户登录操作', '2018-01-08 16:13:43'),
	(3313, 1, '登录', '进行用户登录操作', '2018-01-08 16:15:12'),
	(3314, 1, '登录', '进行用户登录操作', '2018-01-08 16:15:16'),
	(3315, 1, '登录', '进行用户登录操作', '2018-01-08 16:15:19'),
	(3316, 1, '登录', '进行用户登录操作', '2018-01-08 16:16:02'),
	(3317, 1, '登录', '进行用户登录操作', '2018-01-08 16:16:30'),
	(3318, 1, '登录', '进行用户登录操作', '2018-01-08 16:16:47'),
	(3319, 1, '登录', '进行用户登录操作', '2018-01-08 16:18:16'),
	(3320, 1, '登录', '进行用户登录操作', '2018-01-08 16:18:56'),
	(3321, 1, '登录', '进行用户登录操作', '2018-01-08 16:20:31'),
	(3322, 1, '登录', 'admin用户登录成功', '2018-01-08 16:20:31'),
	(3323, 1, '登录', '进行用户登录操作', '2018-01-08 16:21:49'),
	(3324, 1, '登录', '进行用户登录操作', '2018-01-08 16:21:52'),
	(3325, 1, '登录', '进行用户登录操作', '2018-01-08 16:21:55'),
	(3326, 1, '登录', '进行用户登录操作', '2018-01-08 16:22:34'),
	(3327, 1, '登录', 'admin用户登录成功', '2018-01-08 16:22:34'),
	(3328, 1, '登录', '进行用户登录操作', '2018-01-08 16:33:50'),
	(3329, 1, '登录', 'admin用户登录成功', '2018-01-08 16:33:50'),
	(3330, 1, '登录', '进行用户登录操作', '2018-01-08 16:48:22'),
	(3331, 1, '登录', 'admin用户登录成功', '2018-01-08 16:48:22'),
	(3332, 1, '登录', '进行用户登录操作', '2018-01-08 16:50:05'),
	(3333, 1, '登录', 'admin用户登录成功', '2018-01-08 16:50:05'),
	(3334, 1, '登录', '进行用户登录操作', '2018-01-08 16:52:36'),
	(3335, 1, '登录', 'admin用户登录成功', '2018-01-08 16:52:36'),
	(3336, 1, '修改', '进行修改保险状态操作', '2018-01-08 17:07:00'),
	(3337, 1, '修改', '进行修改保险状态操作', '2018-01-08 17:07:03'),
	(3338, 1, '修改', '已缴费60', '2018-01-08 17:15:29'),
	(3339, 1, '修改', '已缴费60', '2018-01-08 17:15:29'),
	(3340, 1, '修改', '已缴费60', '2018-01-08 17:15:29'),
	(3341, 1, '修改', '进行理赔结算', '2018-01-08 17:38:10'),
	(3342, 1, '添加', '添加理赔记录', '2018-01-08 17:38:10'),
	(3343, 1, '修改', '进行理赔结算', '2018-01-08 17:39:55'),
	(3344, 1, '添加', '添加理赔记录', '2018-01-08 17:39:56'),
	(3345, 1, '登录', '进行用户登录操作', '2018-01-08 19:26:43'),
	(3346, 1, '登录', '进行用户登录操作', '2018-01-08 19:26:48'),
	(3347, 1, '登录', '进行用户登录操作', '2018-01-08 19:26:53'),
	(3348, 1, '登录', '进行用户登录操作', '2018-01-08 19:27:04'),
	(3349, 1, '登录', '进行用户登录操作', '2018-01-08 19:27:38'),
	(3350, 36, '登录', '333用户登录成功', '2018-01-08 19:27:39'),
	(3351, 1, '修改', '进行修改车辆状态操作', '2018-01-08 19:34:34'),
	(3352, 1, '修改', '进行修改车辆状态操作', '2018-01-08 19:34:39'),
	(3353, 1, '修改', '进行修改车辆状态操作', '2018-01-08 19:34:42'),
	(3354, 1, '修改', '进行修改车辆状态操作', '2018-01-08 19:34:46'),
	(3355, 1, '修改', '进行修改车辆状态操作', '2018-01-08 19:34:50'),
	(3356, 1, '修改', '进行修改用户状态操作', '2018-01-08 19:35:27'),
	(3357, 1, '修改', '进行修改用户状态操作', '2018-01-08 19:35:31'),
	(3358, 1, '修改', '进行修改用户状态操作', '2018-01-08 19:36:08'),
	(3359, 1, '修改', '进行用户还原操作', '2018-01-08 19:36:19'),
	(3360, 1, '修改', '进行修改保险状态操作', '2018-01-08 19:39:07'),
	(3361, 1, '修改', '进行修改保险单状态操作', '2018-01-08 19:39:32'),
	(3362, 1, '修改', '进行修改保险单状态操作', '2018-01-08 19:39:37'),
	(3363, 1, '修改', '进行用户还原操作', '2018-01-08 19:44:19'),
	(3364, 1, '修改', '修改角色31', '2018-01-08 19:54:43'),
	(3365, 1, '修改', '修改角色31', '2018-01-08 19:55:24'),
	(3366, 1, '修改', '修改角色27', '2018-01-08 19:55:42'),
	(3367, 1, '修改', '修改角色27', '2018-01-08 19:55:51'),
	(3368, 1, '修改', '修改角色27', '2018-01-08 19:56:10'),
	(3369, 1, '修改', '修改账号49', '2018-01-08 19:56:56'),
	(3370, 1, '添加', '进行添加报案单', '2018-01-08 20:27:13'),
	(3371, 1, '添加', '进行添加报案单', '2018-01-08 20:35:41'),
	(3372, 1, '登录', '进行用户登录操作', '2018-01-08 21:11:14'),
	(3373, 1, '登录', '进行用户登录操作', '2018-01-08 21:11:20'),
	(3374, 1, '登录', '进行用户登录操作', '2018-01-08 21:11:54'),
	(3375, 1, '登录', 'admin用户登录成功', '2018-01-08 21:11:54'),
	(3376, 1, '添加', '进行添加报案单', '2018-01-08 21:23:03'),
	(3377, 1, '添加', '进行添加报案单', '2018-01-08 21:23:03'),
	(3378, 1, '登录', '进行用户登录操作', '2018-01-09 08:54:12'),
	(3379, 1, '登录', '进行用户登录操作', '2018-01-09 08:54:19'),
	(3380, 1, '登录', '进行用户登录操作', '2018-01-09 08:54:23'),
	(3381, 1, '登录', '进行用户登录操作', '2018-01-09 08:54:52'),
	(3382, 1, '登录', '进行用户登录操作', '2018-01-09 08:55:07'),
	(3383, 36, '登录', '333用户登录成功', '2018-01-09 08:55:07'),
	(3384, 1, '登录', '进行用户登录操作', '2018-01-09 08:57:35'),
	(3385, 1, '登录', '进行用户登录操作', '2018-01-09 08:57:40'),
	(3386, 1, '登录', '进行用户登录操作', '2018-01-09 08:57:55'),
	(3387, 1, '登录', '进行用户登录操作', '2018-01-09 09:00:21'),
	(3388, 36, '登录', '333用户登录成功', '2018-01-09 09:00:21'),
	(3389, 1, '登录', '进行用户登录操作', '2018-01-09 09:07:04'),
	(3390, 1, '登录', '进行用户登录操作', '2018-01-09 09:07:07'),
	(3391, 1, '登录', '进行用户登录操作', '2018-01-09 09:07:10'),
	(3392, 1, '登录', '进行用户登录操作', '2018-01-09 09:07:45'),
	(3393, 1, '登录', '进行用户登录操作', '2018-01-09 09:07:56'),
	(3394, 1, '登录', '进行用户登录操作', '2018-01-09 09:08:21'),
	(3395, 1, '登录', '进行用户登录操作', '2018-01-09 09:10:26'),
	(3396, 36, '登录', '333用户登录成功', '2018-01-09 09:10:27'),
	(3397, 1, '修改，添加', '进行修改理赔状态和添加赔付记录操作', '2018-01-09 09:11:53'),
	(3398, 1, '修改，添加', '进行修改理赔状态和添加赔付记录操作', '2018-01-09 09:11:53'),
	(3399, 1, '修改，添加', '进行修改理赔状态和添加赔付记录操作', '2018-01-09 09:11:57'),
	(3400, 1, '修改，添加', '进行修改理赔状态和添加赔付记录操作', '2018-01-09 09:11:57'),
	(3401, 1, '添加', '进行添加报案单', '2018-01-09 09:28:00'),
	(3402, 1, '添加', '进行添加报案单', '2018-01-09 09:28:00'),
	(3403, 1, '添加', '进行添加报案单', '2018-01-09 09:31:47'),
	(3404, 1, '添加', '进行添加报案单', '2018-01-09 09:31:47'),
	(3405, 1, '添加', '进行添加报案单', '2018-01-09 09:31:47'),
	(3406, 1, '添加', '进行添加报案单', '2018-01-09 09:31:47'),
	(3407, 1, '登录', '进行用户登录操作', '2018-01-09 09:32:54'),
	(3408, 1, '登录', '进行用户登录操作', '2018-01-09 09:33:06'),
	(3409, 36, '登录', '333用户登录成功', '2018-01-09 09:33:06'),
	(3410, 1, '修改', '修改密码null', '2018-01-09 09:33:19'),
	(3411, 1, '修改', '修改密码null', '2018-01-09 09:35:19'),
	(3412, 1, '修改', '修改密码null', '2018-01-09 09:35:47'),
	(3413, 1, '修改', '修改密码null', '2018-01-09 09:35:49'),
	(3414, 1, '修改', '修改密码null', '2018-01-09 09:35:50'),
	(3415, 1, '登录', '进行用户登录操作', '2018-01-09 09:36:58'),
	(3416, 2, '登录', '小白用户登录成功', '2018-01-09 09:36:58'),
	(3417, 1, '修改', '修改密码null', '2018-01-09 09:37:52'),
	(3418, 1, '修改', '修改密码null', '2018-01-09 09:38:21'),
	(3419, 2, '添加', '进行用户添加操作', '2018-01-09 09:38:50'),
	(3420, 1, '修改', '修改密码null', '2018-01-09 09:39:39'),
	(3421, 1, '修改', '修改密码null', '2018-01-09 09:40:26'),
	(3422, 1, '修改', '修改密码null', '2018-01-09 09:40:42'),
	(3423, 1, '修改', '修改密码null', '2018-01-09 09:41:19'),
	(3424, 1, '修改', '修改密码null', '2018-01-09 09:41:47'),
	(3425, 2, '添加', '进行车辆的添加', '2018-01-09 09:43:00'),
	(3426, 2, '修改', '进行用户停用操作', '2018-01-09 09:43:43'),
	(3427, 2, '修改', '进行用户还原操作', '2018-01-09 09:43:51'),
	(3428, 2, '修改', '进行用户详细信息的修改操作', '2018-01-09 09:44:16'),
	(3429, 2, '修改', '进行车牌修改', '2018-01-09 09:45:19'),
	(3430, 1, '登录', '进行用户登录操作', '2018-01-09 09:49:17'),
	(3431, 2, '登录', '小白用户登录成功', '2018-01-09 09:49:17'),
	(3432, 1, '登录', '进行用户登录操作', '2018-01-09 09:50:41'),
	(3433, 1, '登录', '进行用户登录操作', '2018-01-09 09:50:44'),
	(3434, 1, '登录', '进行用户登录操作', '2018-01-09 09:50:50'),
	(3435, 1, '登录', '进行用户登录操作', '2018-01-09 10:04:49'),
	(3436, 2, '登录', '小白用户登录成功', '2018-01-09 10:04:50'),
	(3437, 1, '登录', '进行用户登录操作', '2018-01-09 10:09:11'),
	(3438, 1, '登录', '进行用户登录操作', '2018-01-09 10:09:19'),
	(3439, 2, '登录', '小白用户登录成功', '2018-01-09 10:09:19'),
	(3440, 1, '登录', '进行用户登录操作', '2018-01-09 10:10:53'),
	(3441, 36, '登录', '333用户登录成功', '2018-01-09 10:10:53'),
	(3442, 36, '修改', '修改密码null', '2018-01-09 10:10:55'),
	(3443, 1, '登录', '进行用户登录操作', '2018-01-09 10:11:39'),
	(3444, 36, '登录', '333用户登录成功', '2018-01-09 10:11:39'),
	(3445, 36, '修改', '修改密码null', '2018-01-09 10:11:42'),
	(3446, 1, '登录', '进行用户登录操作', '2018-01-09 10:13:39'),
	(3447, 1, '登录', '进行用户登录操作', '2018-01-09 10:13:46'),
	(3448, 36, '登录', '333用户登录成功', '2018-01-09 10:13:46'),
	(3449, 36, '修改', '修改密码null', '2018-01-09 10:13:51'),
	(3450, 1, '登录', '进行用户登录操作', '2018-01-09 10:14:27'),
	(3451, 2, '登录', '小白用户登录成功', '2018-01-09 10:14:27'),
	(3452, 36, '修改', '修改密码null', '2018-01-09 10:14:42'),
	(3453, 36, '修改', '修改密码null', '2018-01-09 10:15:24'),
	(3454, 1, '登录', '进行用户登录操作', '2018-01-09 10:16:04'),
	(3455, 1, '登录', '进行用户登录操作', '2018-01-09 10:16:40'),
	(3456, 1, '登录', '进行用户登录操作', '2018-01-09 10:16:43'),
	(3457, 1, '登录', '进行用户登录操作', '2018-01-09 10:16:44'),
	(3458, 1, '登录', '进行用户登录操作', '2018-01-09 10:16:45'),
	(3459, 1, '登录', '进行用户登录操作', '2018-01-09 10:16:46'),
	(3460, 1, '登录', '进行用户登录操作', '2018-01-09 10:16:47'),
	(3461, 1, '登录', '进行用户登录操作', '2018-01-09 10:16:47'),
	(3462, 1, '登录', '进行用户登录操作', '2018-01-09 10:16:49'),
	(3463, 1, '登录', '进行用户登录操作', '2018-01-09 10:16:50'),
	(3464, 1, '登录', '进行用户登录操作', '2018-01-09 10:16:51'),
	(3465, 1, '登录', '进行用户登录操作', '2018-01-09 10:17:37'),
	(3466, 1, '登录', '进行用户登录操作', '2018-01-09 10:17:39'),
	(3467, 1, '登录', '进行用户登录操作', '2018-01-09 10:17:41'),
	(3468, 1, '登录', '进行用户登录操作', '2018-01-09 10:17:43'),
	(3469, 1, '登录', '进行用户登录操作', '2018-01-09 10:17:46'),
	(3470, 1, '登录', '进行用户登录操作', '2018-01-09 10:17:47'),
	(3471, 1, '登录', '进行用户登录操作', '2018-01-09 10:18:48'),
	(3472, 2, '登录', '小白用户登录成功', '2018-01-09 10:18:48'),
	(3473, 1, '登录', '进行用户登录操作', '2018-01-09 10:20:40'),
	(3474, 1, '登录', '进行用户登录操作', '2018-01-09 10:20:43'),
	(3475, 1, '登录', '进行用户登录操作', '2018-01-09 10:20:47'),
	(3476, 2, '登录', '小白用户登录成功', '2018-01-09 10:20:47'),
	(3477, 1, '登录', '进行用户登录操作', '2018-01-09 10:20:47'),
	(3478, 1, '添加', '进行添加报案单', '2018-01-09 10:21:08'),
	(3479, 1, '添加', '进行添加报案单', '2018-01-09 10:21:08'),
	(3480, 1, '添加', '进行添加报案单', '2018-01-09 10:21:08'),
	(3481, 1, '添加', '进行添加报案单', '2018-01-09 10:21:08'),
	(3482, 1, '修改', '进行车牌修改', '2018-01-09 10:23:16'),
	(3483, 1, '登录', '进行用户登录操作', '2018-01-09 10:23:46'),
	(3484, 2, '登录', '小白用户登录成功', '2018-01-09 10:23:47'),
	(3485, 1, '登录', '进行用户登录操作', '2018-01-09 10:25:48'),
	(3486, 36, '登录', '333用户登录成功', '2018-01-09 10:25:48'),
	(3487, 1, '添加', '进行添加报案单', '2018-01-09 10:29:00'),
	(3488, 1, '添加', '进行添加报案单', '2018-01-09 10:29:00'),
	(3489, 1, '添加', '进行添加报案单', '2018-01-09 10:29:00'),
	(3490, 1, '添加', '进行添加报案单', '2018-01-09 10:29:00'),
	(3491, NULL, NULL, NULL, NULL),
	(3492, 1, '添加', '进行添加报案单', '2018-01-09 10:33:21'),
	(3493, 1, '添加', '进行添加报案单', '2018-01-09 10:33:21'),
	(3494, 1, '添加', '进行添加报案单', '2018-01-09 10:33:21'),
	(3495, 1, '添加', '进行添加报案单', '2018-01-09 10:33:21'),
	(3496, NULL, NULL, NULL, NULL),
	(3497, 1, '添加', '进行添加报案单', '2018-01-09 10:35:45'),
	(3498, 1, '添加', '进行添加报案单', '2018-01-09 10:35:45'),
	(3499, 1, '添加', '进行添加报案单', '2018-01-09 10:35:45'),
	(3500, NULL, NULL, NULL, NULL),
	(3501, NULL, NULL, NULL, NULL),
	(3502, NULL, NULL, NULL, NULL),
	(3503, 1, '登录', '进行用户登录操作', '2018-01-09 10:42:23'),
	(3504, 36, '登录', '333用户登录成功', '2018-01-09 10:42:23'),
	(3505, 36, '修改', '进行车牌修改', '2018-01-09 10:42:39'),
	(3506, NULL, NULL, NULL, NULL),
	(3507, NULL, NULL, NULL, NULL),
	(3508, 1, '添加', '进行添加报案单', '2018-01-09 10:44:03'),
	(3509, 1, '添加', '进行添加报案单', '2018-01-09 10:44:03'),
	(3510, 1, '添加', '进行添加报案单', '2018-01-09 10:44:03'),
	(3511, 1, '添加', '进行添加报案单', '2018-01-09 10:44:03'),
	(3512, NULL, NULL, NULL, NULL),
	(3513, 1, '添加', '进行添加报案单', '2018-01-09 10:45:20'),
	(3514, 1, '添加', '进行添加报案单', '2018-01-09 10:45:20'),
	(3515, 1, '添加', '进行添加报案单', '2018-01-09 10:45:20'),
	(3516, 36, '修改', '进行车牌修改', '2018-01-09 10:45:44'),
	(3517, NULL, NULL, NULL, NULL),
	(3518, 1, '添加', '进行添加报案单', '2018-01-09 10:45:20'),
	(3519, NULL, NULL, NULL, NULL),
	(3520, 1, '添加', '进行添加报案单', '2018-01-09 10:48:41'),
	(3521, 1, '添加', '进行添加报案单', '2018-01-09 10:48:41'),
	(3522, 1, '添加', '进行添加报案单', '2018-01-09 10:48:41'),
	(3523, 1, '添加', '进行添加报案单', '2018-01-09 10:48:41'),
	(3524, NULL, NULL, NULL, NULL),
	(3525, 1, '登录', '进行用户登录操作', '2018-01-09 10:50:07'),
	(3526, 36, '登录', '333用户登录成功', '2018-01-09 10:50:07'),
	(3527, 36, '修改', '修改密码null', '2018-01-09 10:50:30'),
	(3528, 1, '登录', '进行用户登录操作', '2018-01-09 10:52:33'),
	(3529, 36, '登录', '333用户登录成功', '2018-01-09 10:52:34'),
	(3530, 36, '修改', '修改密码null', '2018-01-09 10:52:59'),
	(3531, 1, '登录', '进行用户登录操作', '2018-01-09 10:53:12'),
	(3532, 36, '登录', '333用户登录成功', '2018-01-09 10:53:12'),
	(3533, NULL, NULL, NULL, NULL),
	(3534, 1, '登录', '进行用户登录操作', '2018-01-09 10:55:40'),
	(3535, 36, '登录', '333用户登录成功', '2018-01-09 10:55:40'),
	(3536, NULL, NULL, NULL, NULL),
	(3537, 1, '登录', '进行用户登录操作', '2018-01-09 10:57:37'),
	(3538, 5, '登录', '小白2用户登录成功', '2018-01-09 10:57:37'),
	(3539, NULL, NULL, NULL, NULL),
	(3540, 5, '修改，添加', '进行修改理赔状态和添加赔付记录操作', '2018-01-09 11:00:23'),
	(3541, 5, '修改，添加', '进行修改理赔状态和添加赔付记录操作', '2018-01-09 11:00:23'),
	(3542, NULL, NULL, NULL, NULL),
	(3543, 1, '登录', '进行用户登录操作', '2018-01-09 11:02:11'),
	(3544, 36, '登录', '333用户登录成功', '2018-01-09 11:02:11'),
	(3545, NULL, NULL, NULL, NULL),
	(3546, NULL, NULL, NULL, NULL),
	(3547, NULL, NULL, NULL, NULL),
	(3548, NULL, NULL, NULL, NULL),
	(3549, NULL, NULL, NULL, NULL),
	(3550, 36, '修改', '修改密码null', '2018-01-09 11:02:35'),
	(3551, NULL, NULL, NULL, NULL),
	(3552, 1, '登录', '进行用户登录操作', '2018-01-09 11:14:57'),
	(3553, 1, '登录', '进行用户登录操作', '2018-01-09 11:15:00'),
	(3554, 1, '登录', '进行用户登录操作', '2018-01-09 11:15:10'),
	(3555, 1, '登录', '进行用户登录操作', '2018-01-09 11:16:10'),
	(3556, 1, '登录', '进行用户登录操作', '2018-01-09 11:17:07'),
	(3557, 10, '登录', '刘二凯用户登录成功', '2018-01-09 11:17:07'),
	(3558, NULL, NULL, NULL, NULL),
	(3559, 36, '修改', '进行车牌修改', '2018-01-09 11:20:24'),
	(3560, 36, '修改', '进行车牌修改', '2018-01-09 11:20:24'),
	(3561, NULL, NULL, NULL, NULL),
	(3562, 1, '登录', '进行用户登录操作', '2018-01-09 11:23:01'),
	(3563, 36, '登录', '333用户登录成功', '2018-01-09 11:23:02'),
	(3564, 1, '登录', '进行用户登录操作', '2018-01-09 11:25:41'),
	(3565, 36, '登录', '333用户登录成功', '2018-01-09 11:25:41'),
	(3566, 1, '登录', '进行用户登录操作', '2018-01-09 11:26:01'),
	(3567, 1, '登录', '进行用户登录操作', '2018-01-09 11:26:22'),
	(3568, 36, '登录', '333用户登录成功', '2018-01-09 11:26:23'),
	(3569, 1, '登录', '进行用户登录操作', '2018-01-09 11:26:35'),
	(3570, 36, '修改', '修改密码333', '2018-01-09 11:26:38'),
	(3571, 1, '登录', '进行用户登录操作', '2018-01-09 11:26:38'),
	(3572, 1, '登录', '进行用户登录操作', '2018-01-09 11:27:14'),
	(3573, 1, '登录', '进行用户登录操作', '2018-01-09 11:28:00'),
	(3574, 36, '登录', '333用户登录成功', '2018-01-09 11:28:00'),
	(3575, 1, '登录', '进行用户登录操作', '2018-01-09 11:28:26'),
	(3576, 36, '修改', '进行车牌修改', '2018-01-09 11:28:34'),
	(3577, 36, '修改', '修改密码333', '2018-01-09 11:28:17'),
	(3578, 1, '登录', '进行用户登录操作', '2018-01-09 11:28:53'),
	(3579, 10, '登录', '刘二凯用户登录成功', '2018-01-09 11:28:53'),
	(3580, 1, '登录', '进行用户登录操作', '2018-01-09 11:30:43'),
	(3581, 1, '登录', 'admin用户登录成功', '2018-01-09 11:30:44'),
	(3582, 1, '登录', '进行用户登录操作', '2018-01-09 11:32:29'),
	(3583, 36, '登录', '333用户登录成功', '2018-01-09 11:32:29'),
	(3584, 36, '修改', '修改密码333', '2018-01-09 11:33:23'),
	(3585, NULL, NULL, NULL, NULL),
	(3586, 1, '登录', '进行用户登录操作', '2018-01-09 11:38:41'),
	(3587, 1, '登录', '进行用户登录操作', '2018-01-09 11:38:45'),
	(3588, 1, '登录', '进行用户登录操作', '2018-01-09 11:38:56'),
	(3589, 1, '登录', '进行用户登录操作', '2018-01-09 11:39:22'),
	(3590, 36, '登录', '333用户登录成功', '2018-01-09 11:39:22'),
	(3591, 36, '修改', '修改密码333', '2018-01-09 11:39:38'),
	(3592, 1, '登录', '进行用户登录操作', '2018-01-09 11:43:47'),
	(3593, 1, '登录', 'admin用户登录成功', '2018-01-09 11:43:47'),
	(3594, 1, '登录', '进行用户登录操作', '2018-01-09 11:45:12'),
	(3595, 1, '登录', '进行用户登录操作', '2018-01-09 11:45:17'),
	(3596, 36, '登录', '333用户登录成功', '2018-01-09 11:45:17'),
	(3597, 36, '修改', '修改密码333', '2018-01-09 11:46:22'),
	(3598, 1, '修改', '进行修改保险状态操作', '2018-01-09 11:46:22'),
	(3599, 1, '登录', '进行用户登录操作', '2018-01-09 11:46:41'),
	(3600, 36, '登录', '333用户登录成功', '2018-01-09 11:46:42'),
	(3601, 1, '登录', '进行用户登录操作', '2018-01-09 11:50:56'),
	(3602, 36, '登录', '333用户登录成功', '2018-01-09 11:50:57'),
	(3603, 36, '修改', '修改密码333', '2018-01-09 11:51:11'),
	(3604, 1, '登录', '进行用户登录操作', '2018-01-09 11:52:38'),
	(3605, 1, '登录', '进行用户登录操作', '2018-01-09 11:52:42'),
	(3606, 36, '登录', '333用户登录成功', '2018-01-09 11:52:42'),
	(3607, 36, '修改', '修改密码333', '2018-01-09 11:52:53'),
	(3608, 1, '修改', '解冻账号15', '2018-01-09 11:54:31'),
	(3609, 1, '修改', '冻结账号15', '2018-01-09 11:54:35'),
	(3610, 1, '登录', '进行用户登录操作', '2018-01-09 11:55:12'),
	(3611, 1, '登录', '进行用户登录操作', '2018-01-09 11:55:15'),
	(3612, 36, '登录', '333用户登录成功', '2018-01-09 11:55:16'),
	(3613, 36, '修改', '修改密码333', '2018-01-09 11:55:25'),
	(3614, 1, '添加', '进行用户添加操作', '2018-01-09 11:56:17'),
	(3615, 1, '登录', '进行用户登录操作', '2018-01-09 11:57:00'),
	(3616, 36, '登录', '333用户登录成功', '2018-01-09 11:57:01'),
	(3617, 36, '修改', '修改密码333', '2018-01-09 11:57:21'),
	(3618, 1, '登录', '进行用户登录操作', '2018-01-09 11:57:37'),
	(3619, 36, '登录', '333用户登录成功', '2018-01-09 11:57:37'),
	(3620, 1, '登录', '进行用户登录操作', '2018-01-09 12:05:30'),
	(3621, 1, '登录', '进行用户登录操作', '2018-01-09 12:07:34'),
	(3622, 1, '登录', '进行用户登录操作', '2018-01-09 12:07:40'),
	(3623, 36, '登录', '333用户登录成功', '2018-01-09 12:07:40'),
	(3624, 1, '修改', '进行修改保险状态操作', '2018-01-09 12:07:54'),
	(3625, 1, '登录', '进行用户登录操作', '2018-01-09 13:35:01'),
	(3626, 1, '登录', 'admin用户登录成功', '2018-01-09 13:35:02'),
	(3627, 1, '添加', '进行添加报案单', '2018-01-09 13:36:00'),
	(3628, 1, '添加', '进行添加报案单', '2018-01-09 13:36:00'),
	(3629, 1, '添加', '进行添加报案单', '2018-01-09 13:36:00'),
	(3630, 1, '添加', '进行添加报案单', '2018-01-09 13:36:00'),
	(3631, 1, '添加', '进行添加报案单', '2018-01-09 13:39:07'),
	(3632, 1, '添加', '进行添加报案单', '2018-01-09 13:39:07'),
	(3633, 1, '添加', '进行添加报案单', '2018-01-09 13:39:07'),
	(3634, 1, '添加', '进行添加报案单', '2018-01-09 13:39:07'),
	(3635, 1, '添加', '进行添加报案单', '2018-01-09 13:41:42'),
	(3636, 1, '添加', '进行添加报案单', '2018-01-09 13:41:42'),
	(3637, 1, '添加', '进行添加报案单', '2018-01-09 13:41:42'),
	(3638, 1, '添加', '进行添加报案单', '2018-01-09 13:41:42'),
	(3639, 1, '添加', '进行添加报案单', '2018-01-09 13:48:54'),
	(3640, 1, '添加', '进行添加报案单', '2018-01-09 13:48:54'),
	(3641, 1, '添加', '进行添加报案单', '2018-01-09 13:48:54'),
	(3642, 1, '添加', '进行添加报案单', '2018-01-09 13:48:54'),
	(3643, 1, '登录', '进行用户登录操作', '2018-01-09 14:07:56'),
	(3644, 6, '登录', '小白3用户登录成功', '2018-01-09 14:07:56'),
	(3645, NULL, NULL, NULL, NULL),
	(3646, 1, '登录', '进行用户登录操作', '2018-01-09 14:10:51'),
	(3647, 1, '登录', '进行用户登录操作', '2018-01-09 14:11:04'),
	(3648, 1, '登录', 'admin用户登录成功', '2018-01-09 14:11:04'),
	(3649, 1, '登录', '进行用户登录操作', '2018-01-09 14:12:18'),
	(3650, 1, '登录', 'admin用户登录成功', '2018-01-09 14:12:18'),
	(3651, NULL, NULL, NULL, NULL),
	(3652, NULL, NULL, NULL, NULL),
	(3653, NULL, NULL, NULL, NULL),
	(3654, 1, '登录', '进行用户登录操作', '2018-01-09 14:22:37'),
	(3655, NULL, NULL, NULL, NULL),
	(3656, NULL, NULL, NULL, NULL),
	(3657, NULL, NULL, NULL, NULL),
	(3658, NULL, NULL, NULL, NULL),
	(3659, 1, '登录', '进行用户登录操作', '2018-01-09 14:28:20'),
	(3660, 1, '登录', 'admin用户登录成功', '2018-01-09 14:28:20'),
	(3661, NULL, NULL, NULL, NULL),
	(3662, NULL, NULL, NULL, NULL),
	(3663, 1, '登录', '进行用户登录操作', '2018-01-09 14:36:20'),
	(3664, 1, '登录', 'admin用户登录成功', '2018-01-09 14:36:21'),
	(3665, 1, '登录', '进行用户登录操作', '2018-01-09 14:42:43'),
	(3666, 1, '登录', '进行用户登录操作', '2018-01-09 14:43:02'),
	(3667, 1, '登录', 'admin用户登录成功', '2018-01-09 14:43:02'),
	(3668, NULL, NULL, NULL, NULL),
	(3669, 1, '登录', '进行用户登录操作', '2018-01-09 14:51:50'),
	(3670, 1, '登录', 'admin用户登录成功', '2018-01-09 14:51:51'),
	(3671, NULL, NULL, NULL, NULL),
	(3672, NULL, NULL, NULL, NULL),
	(3673, 1, '登录', '进行用户登录操作', '2018-01-09 14:56:40'),
	(3674, 1, '登录', 'admin用户登录成功', '2018-01-09 14:56:40'),
	(3675, NULL, NULL, NULL, NULL),
	(3676, NULL, NULL, NULL, NULL),
	(3677, NULL, NULL, NULL, NULL),
	(3678, 1, '登录', '进行用户登录操作', '2018-01-09 15:05:48'),
	(3679, 1, '登录', 'admin用户登录成功', '2018-01-09 15:05:48'),
	(3680, 1, '登录', '进行用户登录操作', '2018-01-09 15:06:34'),
	(3681, 1, '登录', 'admin用户登录成功', '2018-01-09 15:06:34'),
	(3682, 1, '登录', '进行用户登录操作', '2018-01-09 15:07:45'),
	(3683, 1, '登录', 'admin用户登录成功', '2018-01-09 15:07:45'),
	(3684, 1, '修改', '修改密码admin', '2018-01-09 15:09:04'),
	(3685, 1, '登录', '进行用户登录操作', '2018-01-09 15:10:45'),
	(3686, 1, '登录', 'admin用户登录成功', '2018-01-09 15:10:45'),
	(3687, 1, '修改', '修改密码admin', '2018-01-09 15:12:24'),
	(3688, 1, '登录', '进行用户登录操作', '2018-01-09 15:15:29'),
	(3689, 1, '登录', 'admin用户登录成功', '2018-01-09 15:15:29'),
	(3690, 1, '修改', '修改密码admin', '2018-01-09 15:16:01'),
	(3691, 1, '修改', '修改账号51', '2018-01-09 15:19:19'),
	(3692, 1, '登录', '进行用户登录操作', '2018-01-09 15:30:55'),
	(3693, 6, '登录', '小白3用户登录成功', '2018-01-09 15:30:56'),
	(3694, 1, '修改', '进行理赔结算', '2018-01-09 15:31:13'),
	(3695, 1, '添加', '添加理赔记录', '2018-01-09 15:31:13'),
	(3696, 1, '修改', '进行理赔结算', '2018-01-09 15:33:12'),
	(3697, 1, '添加', '添加理赔记录', '2018-01-09 15:33:12'),
	(3698, 1, '修改', '进行理赔结算', '2018-01-09 15:34:54'),
	(3699, 1, '添加', '添加理赔记录', '2018-01-09 15:34:54'),
	(3700, 1, '修改', '进行理赔结算', '2018-01-09 15:37:38'),
	(3701, 1, '添加', '添加理赔记录', '2018-01-09 15:37:38'),
	(3702, 1, '登录', '进行用户登录操作', '2018-01-09 15:43:42'),
	(3703, 6, '登录', '小白3用户登录成功', '2018-01-09 15:43:42'),
	(3704, 1, '修改', '进行理赔结算', '2018-01-09 15:44:13'),
	(3705, 1, '登录', '进行用户登录操作', '2018-01-09 15:46:51'),
	(3706, 6, '登录', '小白3用户登录成功', '2018-01-09 15:46:51'),
	(3707, 6, '修改', '进行修改保险状态操作', '2018-01-09 15:46:56'),
	(3708, 1, '登录', '进行用户登录操作', '2018-01-09 16:01:13'),
	(3709, 6, '登录', '小白3用户登录成功', '2018-01-09 16:01:13'),
	(3710, 6, '修改', '进行修改保险状态操作', '2018-01-09 16:01:44'),
	(3711, 1, '登录', '进行用户登录操作', '2018-01-09 16:01:51'),
	(3712, 36, '登录', '333用户登录成功', '2018-01-09 16:01:51'),
	(3713, 6, '修改', '进行修改保险状态操作', '2018-01-09 16:02:36'),
	(3714, 1, '登录', '进行用户登录操作', '2018-01-09 16:03:55'),
	(3715, 6, '登录', '小白3用户登录成功', '2018-01-09 16:03:56'),
	(3716, 6, '修改', '进行修改保险状态操作', '2018-01-09 16:04:26'),
	(3717, 1, '修改', '进行理赔结算', '2018-01-09 16:05:37'),
	(3718, 1, '修改', '进行理赔结算', '2018-01-09 16:05:37'),
	(3719, 1, '修改', '进行理赔结算', '2018-01-09 16:05:37'),
	(3720, 1, '添加', '添加理赔记录', '2018-01-09 16:05:37'),
	(3721, 1, '登录', '进行用户登录操作', '2018-01-09 16:12:30'),
	(3722, 6, '登录', '小白3用户登录成功', '2018-01-09 16:12:30'),
	(3723, 6, '修改', '进行修改保险状态操作', '2018-01-09 16:12:44'),
	(3724, 1, '修改', '冻结账号51', '2018-01-09 16:14:44'),
	(3725, 1, '修改', '解冻账号51', '2018-01-09 16:15:07'),
	(3726, 1, '登录', '进行用户登录操作', '2018-01-09 16:26:29'),
	(3727, 6, '登录', '小白3用户登录成功', '2018-01-09 16:26:29'),
	(3728, 6, '修改', '进行修改保险状态操作', '2018-01-09 16:27:17'),
	(3729, NULL, NULL, NULL, NULL),
	(3730, 1, '登录', '进行用户登录操作', '2018-01-09 16:33:48'),
	(3731, 6, '登录', '小白3用户登录成功', '2018-01-09 16:33:49'),
	(3732, 6, '修改', '进行修改保险状态操作', '2018-01-09 16:33:56'),
	(3733, 1, '登录', '进行用户登录操作', '2018-01-09 16:34:36'),
	(3734, 6, '登录', '小白3用户登录成功', '2018-01-09 16:34:37'),
	(3735, 6, '修改', '进行修改保险状态操作', '2018-01-09 16:34:46'),
	(3736, 6, '修改', '进行退保保险订单状态修改操作', '2018-01-09 16:34:46'),
	(3737, 1, '登录', '进行用户登录操作', '2018-01-09 16:46:31'),
	(3738, 1, '登录', 'admin用户登录成功', '2018-01-09 16:46:31'),
	(3739, 1, '添加', '添加保险订单', '2018-01-09 16:47:41'),
	(3740, 1, '添加', '添加保险订单', '2018-01-09 16:47:41'),
	(3741, 1, '添加', '添加保险订单', '2018-01-09 16:47:41'),
	(3742, 1, '添加', '添加保险订单', '2018-01-09 16:47:41'),
	(3743, 1, '添加', '添加保险订单', '2018-01-09 16:47:41'),
	(3744, 1, '添加', '添加保险订单', '2018-01-09 16:47:41'),
	(3745, 1, '添加', '添加保险订单', '2018-01-09 16:47:41'),
	(3746, 1, '添加', '添加保险订单', '2018-01-09 16:47:41'),
	(3747, 1, '登录', '进行用户登录操作', '2018-01-09 16:48:16'),
	(3748, 6, '登录', '小白3用户登录成功', '2018-01-09 16:48:17'),
	(3749, 1, '登录', '进行用户登录操作', '2018-01-09 16:58:43'),
	(3750, 6, '登录', '小白3用户登录成功', '2018-01-09 16:58:44'),
	(3751, 1, '登录', '进行用户登录操作', '2018-01-09 17:06:08'),
	(3752, 1, '登录', 'admin用户登录成功', '2018-01-09 17:06:09'),
	(3753, 1, '添加', '添加保险订单', '2018-01-09 17:06:57'),
	(3754, 1, '添加', '添加保险订单', '2018-01-09 17:06:57'),
	(3755, 1, '添加', '添加保险订单', '2018-01-09 17:06:57'),
	(3756, 1, '添加', '添加保险订单', '2018-01-09 17:06:57'),
	(3757, 1, '添加', '添加保险订单', '2018-01-09 17:06:57'),
	(3758, 1, '添加', '添加保险订单', '2018-01-09 17:06:57'),
	(3759, 1, '添加', '进行车辆的添加', '2018-01-09 17:08:42'),
	(3760, 1, '修改', '进行修改车辆状态操作', '2018-01-09 17:09:09'),
	(3761, 1, '添加', '添加保险订单', '2018-01-09 17:13:26'),
	(3762, 1, '添加', '添加保险订单', '2018-01-09 17:13:26'),
	(3763, 1, '添加', '添加保险订单', '2018-01-09 17:13:26'),
	(3764, 1, '添加', '添加保险订单', '2018-01-09 17:13:26'),
	(3765, 1, '修改', '进行修改保险单状态操作', '2018-01-09 17:14:09'),
	(3766, 1, '修改', '进行修改保险单状态操作', '2018-01-09 17:14:11'),
	(3767, 1, '修改', '进行修改保险单状态操作', '2018-01-09 17:14:13'),
	(3768, 1, '修改', '进行修改保险单状态操作', '2018-01-09 17:14:17'),
	(3769, 1, '修改', '已缴费88', '2018-01-09 17:14:37'),
	(3770, 1, '修改', '已缴费88', '2018-01-09 17:14:37'),
	(3771, 1, '修改', '已缴费88', '2018-01-09 17:14:37'),
	(3772, 1, '修改', '已缴费89', '2018-01-09 17:14:40'),
	(3773, 1, '修改', '已缴费89', '2018-01-09 17:14:40'),
	(3774, 1, '修改', '已缴费89', '2018-01-09 17:14:40'),
	(3775, 1, '修改', '已缴费90', '2018-01-09 17:14:43'),
	(3776, 1, '修改', '已缴费90', '2018-01-09 17:14:43'),
	(3777, 1, '修改', '已缴费90', '2018-01-09 17:14:43'),
	(3778, 1, '修改', '已缴费91', '2018-01-09 17:14:48'),
	(3779, 1, '修改', '已缴费91', '2018-01-09 17:14:48'),
	(3780, 1, '修改', '已缴费91', '2018-01-09 17:14:48'),
	(3781, 1, '添加', '进行添加报案单', '2018-01-09 17:15:33'),
	(3782, 1, '添加', '进行添加报案单', '2018-01-09 17:15:33'),
	(3783, 1, '添加', '进行添加报案单', '2018-01-09 17:15:33'),
	(3784, 1, '添加', '进行添加报案单', '2018-01-09 17:15:33'),
	(3785, 6, '修改', '进行修改保险状态操作', '2018-01-09 17:21:41'),
	(3786, 6, '修改', '进行退保保险订单状态修改操作', '2018-01-09 17:21:41'),
	(3787, 1, '添加', '进行添加报案单', '2018-01-09 17:28:45'),
	(3788, 1, '添加', '进行添加报案单', '2018-01-09 17:28:45'),
	(3789, 1, '添加', '进行添加报案单', '2018-01-09 17:28:45'),
	(3790, 1, '添加', '进行添加报案单', '2018-01-09 17:28:45'),
	(3791, 1, '登录', '进行用户登录操作', '2018-01-09 17:36:17'),
	(3792, 6, '登录', '小白3用户登录成功', '2018-01-09 17:36:17'),
	(3793, 1, '添加', '进行添加报案单', '2018-01-09 17:37:53'),
	(3794, 1, '添加', '进行添加报案单', '2018-01-09 17:37:53'),
	(3795, 1, '添加', '进行添加报案单', '2018-01-09 17:37:53'),
	(3796, 1, '添加', '进行添加报案单', '2018-01-09 17:37:53'),
	(3797, 1, '修改', '进行修改车辆出险次数', '2018-01-09 17:37:54'),
	(3798, 1, '登录', '进行用户登录操作', '2018-01-09 17:37:55'),
	(3799, 6, '登录', '小白3用户登录成功', '2018-01-09 17:37:56'),
	(3800, 1, '添加', '进行添加报案单', '2018-01-09 17:39:41'),
	(3801, 1, '添加', '进行添加报案单', '2018-01-09 17:39:41'),
	(3802, 1, '添加', '进行添加报案单', '2018-01-09 17:39:41'),
	(3803, 1, '添加', '进行添加报案单', '2018-01-09 17:39:41'),
	(3804, 1, '修改', '进行修改车辆出险次数', '2018-01-09 17:39:41'),
	(3805, 1, '添加', '进行添加报案单', '2018-01-09 17:41:18'),
	(3806, 1, '添加', '进行添加报案单', '2018-01-09 17:41:18'),
	(3807, 1, '添加', '进行添加报案单', '2018-01-09 17:41:18'),
	(3808, 1, '添加', '进行添加报案单', '2018-01-09 17:41:18'),
	(3809, 1, '修改', '进行修改车辆出险次数', '2018-01-09 17:41:19'),
	(3810, 1, '添加', '进行添加报案单', '2018-01-09 17:41:42'),
	(3811, 1, '添加', '进行添加报案单', '2018-01-09 17:41:42'),
	(3812, 1, '添加', '进行添加报案单', '2018-01-09 17:41:42'),
	(3813, 1, '添加', '进行添加报案单', '2018-01-09 17:41:42'),
	(3814, 1, '修改', '进行修改车辆出险次数', '2018-01-09 17:41:42'),
	(3815, 1, '登录', '进行用户登录操作', '2018-01-09 18:59:59'),
	(3816, 6, '登录', '小白3用户登录成功', '2018-01-09 19:00:01'),
	(3817, 1, '登录', '进行用户登录操作', '2018-01-09 19:03:30'),
	(3818, 6, '登录', '小白3用户登录成功', '2018-01-09 19:03:31'),
	(3819, 1, '登录', '进行用户登录操作', '2018-01-09 19:46:30'),
	(3820, 6, '登录', '小白3用户登录成功', '2018-01-09 19:46:31'),
	(3821, 6, '修改', '进行修改保险状态操作', '2018-01-09 19:47:52'),
	(3822, 6, '修改', '进行修改保险状态操作', '2018-01-09 19:48:46'),
	(3823, 1, '登录', '进行用户登录操作', '2018-01-09 20:04:26'),
	(3824, 6, '登录', '小白3用户登录成功', '2018-01-09 20:04:26'),
	(3825, 6, '修改', '进行修改保险状态操作', '2018-01-09 20:04:33'),
	(3826, 6, '修改', '进行修改保险状态操作', '2018-01-09 20:04:33'),
	(3827, 6, '修改', '进行修改保险状态操作', '2018-01-09 20:05:21'),
	(3828, 6, '修改', '进行修改保险状态操作', '2018-01-09 20:05:21'),
	(3829, 6, '修改', '进行修改保险状态操作', '2018-01-09 20:06:59'),
	(3830, 6, '修改', '进行修改保险状态操作', '2018-01-09 20:06:59'),
	(3831, 1, '登录', '进行用户登录操作', '2018-01-09 20:10:46'),
	(3832, 6, '登录', '小白3用户登录成功', '2018-01-09 20:10:47'),
	(3833, 6, '修改', '进行修改保险状态操作', '2018-01-09 20:10:53'),
	(3834, 6, '修改', '进行修改保险状态操作', '2018-01-09 20:10:53'),
	(3835, 6, '修改', '进行修改保险状态操作', '2018-01-09 20:11:05'),
	(3836, 6, '修改', '进行修改保险状态操作', '2018-01-09 20:11:05'),
	(3837, 1, '登录', '进行用户登录操作', '2018-01-09 20:17:06'),
	(3838, 1, '登录', 'admin用户登录成功', '2018-01-09 20:17:07'),
	(3839, 1, '登录', '进行用户登录操作', '2018-01-09 20:17:22'),
	(3840, 6, '登录', '小白3用户登录成功', '2018-01-09 20:17:23'),
	(3841, 6, '修改', '进行修改保险状态操作', '2018-01-09 20:20:39'),
	(3842, 1, '登录', '进行用户登录操作', '2018-01-09 20:21:56'),
	(3843, 6, '登录', '小白3用户登录成功', '2018-01-09 20:21:56'),
	(3844, 6, '修改', '进行修改保险状态操作', '2018-01-09 20:22:02'),
	(3845, 6, '修改', '进行修改保险状态操作', '2018-01-09 20:22:02'),
	(3846, 6, '修改', '进行修改保险状态操作', '2018-01-09 20:22:05'),
	(3847, 6, '修改', '进行修改保险状态操作', '2018-01-09 20:23:08'),
	(3848, 1, '登录', '进行用户登录操作', '2018-01-09 20:35:44'),
	(3849, 1, '登录', 'admin用户登录成功', '2018-01-09 20:35:44'),
	(3850, 1, '修改', '已缴费4', '2018-01-09 20:41:21'),
	(3851, 1, '修改', '已缴费4', '2018-01-09 20:41:21'),
	(3852, 1, '修改', '已缴费4', '2018-01-09 20:41:21'),
	(3853, 1, '修改', '已缴费4', '2018-01-09 20:43:08'),
	(3854, 1, '修改', '已缴费4', '2018-01-09 20:43:08'),
	(3855, 1, '修改', '已缴费4', '2018-01-09 20:43:08'),
	(3856, 1, '登录', '进行用户登录操作', '2018-01-09 20:46:02'),
	(3857, 1, '登录', 'admin用户登录成功', '2018-01-09 20:46:03'),
	(3858, 1, '修改', '已缴费4', '2018-01-09 20:46:27'),
	(3859, 1, '修改', '已缴费4', '2018-01-09 20:46:27'),
	(3860, 1, '修改', '已缴费4', '2018-01-09 20:46:27'),
	(3861, 1, '登录', '进行用户登录操作', '2018-01-09 20:48:39'),
	(3862, 6, '登录', '小白3用户登录成功', '2018-01-09 20:48:39'),
	(3863, 1, '登录', '进行用户登录操作', '2018-01-09 20:53:49'),
	(3864, 6, '登录', '小白3用户登录成功', '2018-01-09 20:53:50'),
	(3865, 6, '修改', '进行修改保险状态操作', '2018-01-09 20:53:56'),
	(3866, 6, '修改', '进行修改保险状态操作', '2018-01-09 21:02:42'),
	(3867, 6, '修改', '进行退保保险订单状态修改操作', '2018-01-09 21:02:42'),
	(3868, 1, '登录', '进行用户登录操作', '2018-01-09 21:08:04'),
	(3869, 6, '登录', '小白3用户登录成功', '2018-01-09 21:08:06'),
	(3870, 1, '登录', '进行用户登录操作', '2018-01-10 08:42:43'),
	(3871, 6, '登录', '小白3用户登录成功', '2018-01-10 08:43:00'),
	(3872, 1, '登录', '进行用户登录操作', '2018-01-10 08:43:45'),
	(3873, 6, '登录', '小白3用户登录成功', '2018-01-10 08:43:45'),
	(3874, 6, '修改', '进行修改保险状态操作', '2018-01-10 08:43:54'),
	(3875, 6, '修改', '进行修改保险状态操作', '2018-01-10 08:44:48'),
	(3876, 6, '修改', '进行修改保险状态操作', '2018-01-10 08:45:54'),
	(3877, 1, '登录', '进行用户登录操作', '2018-01-10 08:52:25'),
	(3878, 1, '登录', '进行用户登录操作', '2018-01-10 08:52:33'),
	(3879, 6, '登录', '小白3用户登录成功', '2018-01-10 08:52:33'),
	(3880, 6, '修改', '进行修改保险状态操作', '2018-01-10 08:52:39'),
	(3881, 6, '修改', '进行修改保险状态操作', '2018-01-10 08:53:56'),
	(3882, 6, '修改', '进行退保保险订单状态修改操作', '2018-01-10 08:53:56'),
	(3883, 6, '修改', '进行修改保险状态操作', '2018-01-10 08:54:01'),
	(3884, 6, '修改', '进行修改保险状态操作', '2018-01-10 08:54:04'),
	(3885, 6, '修改', '进行修改保险状态操作', '2018-01-10 08:54:15'),
	(3886, 6, '修改', '进行退保保险订单状态修改操作', '2018-01-10 08:54:15'),
	(3887, 6, '修改', '进行修改保险状态操作', '2018-01-10 08:54:18'),
	(3888, 6, '修改', '进行退保保险订单状态修改操作', '2018-01-10 08:54:18'),
	(3889, 1, '登录', '进行用户登录操作', '2018-01-10 09:05:49'),
	(3890, 6, '登录', '小白3用户登录成功', '2018-01-10 09:05:49'),
	(3891, 6, '修改', '进行修改保险状态操作', '2018-01-10 09:05:55'),
	(3892, 6, '修改', '进行修改保险状态操作', '2018-01-10 09:06:00'),
	(3893, 6, '修改', '进行修改保险状态操作', '2018-01-10 09:06:55'),
	(3894, 6, '修改', '进行修改保险状态操作', '2018-01-10 09:07:00'),
	(3895, 6, '修改', '进行修改保险状态操作', '2018-01-10 09:07:04'),
	(3896, 6, '修改', '进行修改保险状态操作', '2018-01-10 09:07:07'),
	(3897, 6, '修改', '进行修改保险状态操作', '2018-01-10 09:07:11'),
	(3898, 6, '修改', '进行修改保险状态操作', '2018-01-10 09:07:15'),
	(3899, 6, '修改', '进行修改保险状态操作', '2018-01-10 09:08:58'),
	(3900, 1, '登录', '进行用户登录操作', '2018-01-10 09:08:35'),
	(3901, 10, '登录', '刘二凯用户登录成功', '2018-01-10 09:08:35'),
	(3902, 6, '修改', '进行修改保险状态操作', '2018-01-10 09:09:01'),
	(3903, 6, '修改', '进行修改保险状态操作', '2018-01-10 09:09:04'),
	(3904, 6, '修改', '进行修改保险状态操作', '2018-01-10 09:09:07'),
	(3905, 6, '修改', '进行修改保险状态操作', '2018-01-10 09:09:10'),
	(3906, 6, '修改', '进行修改保险状态操作', '2018-01-10 09:09:14'),
	(3907, 6, '修改', '进行修改保险状态操作', '2018-01-10 09:10:28'),
	(3908, 6, '修改', '进行修改保险状态操作', '2018-01-10 09:10:31'),
	(3909, 6, '修改', '进行修改保险状态操作', '2018-01-10 09:11:18'),
	(3910, 6, '修改', '进行修改保险状态操作', '2018-01-10 09:11:22'),
	(3911, 6, '修改', '进行修改保险状态操作', '2018-01-10 09:11:22'),
	(3912, 6, '修改', '进行修改保险状态操作', '2018-01-10 09:13:48'),
	(3913, 6, '修改', '进行修改保险状态操作', '2018-01-10 09:13:48'),
	(3914, 1, '登录', '进行用户登录操作', '2018-01-10 09:14:21'),
	(3915, 6, '登录', '小白3用户登录成功', '2018-01-10 09:14:22'),
	(3916, 6, '修改', '进行修改保险状态操作', '2018-01-10 09:14:28'),
	(3917, 6, '修改', '进行修改保险状态操作', '2018-01-10 09:14:28'),
	(3918, 6, '修改', '进行修改保险状态操作', '2018-01-10 09:16:19'),
	(3919, 6, '修改', '进行修改保险状态操作', '2018-01-10 09:16:23'),
	(3920, 1, '登录', '进行用户登录操作', '2018-01-10 09:28:41'),
	(3921, 1, '登录', 'admin用户登录成功', '2018-01-10 09:28:45'),
	(3922, NULL, NULL, NULL, NULL),
	(3923, 1, '登录', '进行用户登录操作', '2018-01-10 09:36:36'),
	(3924, 1, '登录', 'admin用户登录成功', '2018-01-10 09:36:40'),
	(3925, 1, '修改', '进行用户还原操作', '2018-01-10 09:42:03'),
	(3926, 1, '登录', '进行用户登录操作', '2018-01-10 09:49:11'),
	(3927, 1, '登录', 'admin用户登录成功', '2018-01-10 09:49:12'),
	(3928, 1, '修改', '进行理赔结算', '2018-01-10 10:27:05'),
	(3929, 1, '修改', '进行理赔结算', '2018-01-10 10:27:05'),
	(3930, 1, '修改', '进行理赔结算', '2018-01-10 10:27:05'),
	(3931, NULL, NULL, NULL, NULL),
	(3932, 1, '修改', '进行理赔结算', '2018-01-10 10:34:11'),
	(3933, 1, '修改', '进行理赔结算', '2018-01-10 10:34:11'),
	(3934, 1, '修改', '进行理赔结算', '2018-01-10 10:34:11'),
	(3935, NULL, NULL, NULL, NULL),
	(3936, NULL, NULL, NULL, NULL),
	(3937, 1, '修改', '进行理赔结算', '2018-01-10 10:39:19'),
	(3938, 1, '修改', '进行理赔结算', '2018-01-10 10:39:19'),
	(3939, 1, '修改', '进行理赔结算', '2018-01-10 10:39:19'),
	(3940, 1, '添加', '添加理赔记录', '2018-01-10 10:39:19'),
	(3941, 1, '添加', '添加保险订单', '2018-01-10 10:44:00'),
	(3942, 1, '添加', '添加保险订单', '2018-01-10 10:44:00'),
	(3943, 1, '添加', '添加保险订单', '2018-01-10 10:44:00'),
	(3944, 1, '添加', '添加保险订单', '2018-01-10 10:44:00'),
	(3945, 1, '添加', '添加保险订单', '2018-01-10 10:44:00'),
	(3946, 1, '添加', '添加保险订单', '2018-01-10 10:44:00'),
	(3947, 1, '添加', '添加保险订单', '2018-01-10 10:44:00'),
	(3948, 1, '登录', '进行用户登录操作', '2018-01-10 10:46:49'),
	(3949, 6, '登录', '小白3用户登录成功', '2018-01-10 10:46:49'),
	(3950, 6, '修改', '进行修改保险状态操作', '2018-01-10 10:46:59'),
	(3951, 6, '修改', '进行修改保险状态操作', '2018-01-10 10:47:08'),
	(3952, 6, '修改', '进行修改保险状态操作', '2018-01-10 10:49:08'),
	(3953, 6, '修改', '进行修改保险状态操作', '2018-01-10 10:49:14'),
	(3954, 6, '修改', '进行修改保险状态操作', '2018-01-10 10:49:21'),
	(3955, 6, '修改', '进行修改保险状态操作', '2018-01-10 10:51:03'),
	(3956, 6, '修改', '进行修改保险状态操作', '2018-01-10 10:53:46'),
	(3957, 6, '修改', '进行修改保险状态操作', '2018-01-10 10:54:03'),
	(3958, 6, '修改', '进行退保保险订单状态修改操作', '2018-01-10 10:54:03'),
	(3959, 1, '修改', '进行理赔结算', '2018-01-10 10:55:00'),
	(3960, 1, '修改', '进行理赔结算', '2018-01-10 10:55:00'),
	(3961, 1, '修改', '进行理赔结算', '2018-01-10 10:55:00'),
	(3962, 1, '添加', '添加理赔记录', '2018-01-10 10:55:00'),
	(3963, 1, '添加', '添加理赔记录', '2018-01-10 10:55:00'),
	(3964, 6, '修改', '进行修改保险状态操作', '2018-01-10 10:55:52'),
	(3965, 6, '修改', '进行修改保险状态操作', '2018-01-10 10:56:29'),
	(3966, 6, '修改', '进行修改保险状态操作', '2018-01-10 10:56:29'),
	(3967, 6, '修改', '进行修改保险状态操作', '2018-01-10 10:57:18'),
	(3968, 6, '修改', '进行修改保险状态操作', '2018-01-10 10:58:08'),
	(3969, 1, '登录', '进行用户登录操作', '2018-01-10 10:58:49'),
	(3970, 2, '登录', '小白用户登录成功', '2018-01-10 10:58:52'),
	(3971, 1, '登录', '进行用户登录操作', '2018-01-10 11:01:02'),
	(3972, 6, '登录', '小白3用户登录成功', '2018-01-10 11:01:02'),
	(3973, 6, '修改', '进行修改保险状态操作', '2018-01-10 11:01:18'),
	(3974, 6, '修改', '进行修改保险状态操作', '2018-01-10 11:02:07'),
	(3975, 6, '修改', '进行修改保险状态操作', '2018-01-10 11:04:25'),
	(3976, 1, '登录', '进行用户登录操作', '2018-01-10 11:04:55'),
	(3977, 6, '登录', '小白3用户登录成功', '2018-01-10 11:04:55'),
	(3978, 6, '修改', '进行修改保险状态操作', '2018-01-10 11:05:05'),
	(3979, 6, '修改', '进行修改保险状态操作', '2018-01-10 11:05:45'),
	(3980, 6, '修改', '进行修改保险状态操作', '2018-01-10 11:05:45'),
	(3981, NULL, NULL, NULL, NULL),
	(3982, 1, '修改', '进行理赔结算', '2018-01-10 11:12:22'),
	(3983, 1, '修改', '进行理赔结算', '2018-01-10 11:12:22'),
	(3984, 1, '修改', '进行理赔结算', '2018-01-10 11:12:22'),
	(3985, 1, '添加', '添加理赔记录', '2018-01-10 11:12:22'),
	(3986, 1, '添加', '添加理赔记录', '2018-01-10 11:12:22'),
	(3987, 1, '添加', '添加保险订单', '2018-01-10 11:13:31'),
	(3988, 1, '添加', '添加保险订单', '2018-01-10 11:13:31'),
	(3989, 1, '修改', '进行理赔结算', '2018-01-10 11:14:31'),
	(3990, 1, '修改', '进行理赔结算', '2018-01-10 11:14:31'),
	(3991, 1, '修改', '进行理赔结算', '2018-01-10 11:14:31'),
	(3992, 1, '添加', '添加理赔记录', '2018-01-10 11:14:32'),
	(3993, 1, '添加', '添加理赔记录', '2018-01-10 11:14:32'),
	(3994, 1, '修改', '已缴费55', '2018-01-10 11:23:37'),
	(3995, 1, '修改', '已缴费55', '2018-01-10 11:23:37'),
	(3996, 1, '修改', '已缴费55', '2018-01-10 11:23:37'),
	(3997, 1, '登录', '进行用户登录操作', '2018-01-10 11:24:54'),
	(3998, 1, '登录', '进行用户登录操作', '2018-01-10 11:24:57'),
	(3999, 1, '登录', '进行用户登录操作', '2018-01-10 11:25:01'),
	(4000, 1, '登录', '进行用户登录操作', '2018-01-10 11:25:46'),
	(4001, 1, '登录', '进行用户登录操作', '2018-01-10 11:26:16'),
	(4002, 1, '登录', '进行用户登录操作', '2018-01-10 11:26:38'),
	(4003, 1, '登录', '进行用户登录操作', '2018-01-10 11:27:10'),
	(4004, 1, '登录', '进行用户登录操作', '2018-01-10 11:28:26'),
	(4005, 1, '登录', '进行用户登录操作', '2018-01-10 11:30:47'),
	(4006, 1, '登录', 'admin用户登录成功', '2018-01-10 11:30:47'),
	(4007, 1, '登录', '进行用户登录操作', '2018-01-10 11:30:52'),
	(4008, 1, '登录', '进行用户登录操作', '2018-01-10 11:30:55'),
	(4009, 1, '登录', '进行用户登录操作', '2018-01-10 11:30:58'),
	(4010, 1, '登录', '进行用户登录操作', '2018-01-10 11:31:38'),
	(4011, 1, '登录', 'admin用户登录成功', '2018-01-10 11:31:38'),
	(4012, 1, '修改', '进行理赔结算', '2018-01-10 11:40:59'),
	(4013, 1, '修改', '进行理赔结算', '2018-01-10 11:40:59'),
	(4014, 1, '修改', '进行理赔结算', '2018-01-10 11:40:59'),
	(4015, 1, '添加', '添加理赔记录', '2018-01-10 11:41:00'),
	(4016, 1, '添加', '添加理赔记录', '2018-01-10 11:41:00'),
	(4017, 1, '登录', '进行用户登录操作', '2018-01-10 11:42:26'),
	(4018, 1, '登录', 'admin用户登录成功', '2018-01-10 11:42:26'),
	(4019, 1, '修改', '进行理赔结算', '2018-01-10 11:43:01'),
	(4020, 1, '修改', '进行理赔结算', '2018-01-10 11:43:01'),
	(4021, 1, '修改', '进行理赔结算', '2018-01-10 11:43:01'),
	(4022, 1, '添加', '添加理赔记录', '2018-01-10 11:43:01'),
	(4023, 1, '添加', '添加理赔记录', '2018-01-10 11:43:01'),
	(4024, 1, '登录', '进行用户登录操作', '2018-01-10 11:44:13'),
	(4025, 1, '登录', 'admin用户登录成功', '2018-01-10 11:44:14'),
	(4026, 1, '修改', '进行理赔结算', '2018-01-10 11:44:39'),
	(4027, 1, '修改', '进行理赔结算', '2018-01-10 11:44:39'),
	(4028, 1, '修改', '进行理赔结算', '2018-01-10 11:44:39'),
	(4029, 1, '添加', '添加理赔记录', '2018-01-10 11:44:39'),
	(4030, 1, '添加', '添加理赔记录', '2018-01-10 11:44:39'),
	(4031, 1, '登录', '进行用户登录操作', '2018-01-10 12:44:58'),
	(4032, 1, '登录', 'admin用户登录成功', '2018-01-10 12:44:59'),
	(4033, 1, '登录', '进行用户登录操作', '2018-01-10 12:45:44'),
	(4034, 1, '登录', 'admin用户登录成功', '2018-01-10 12:45:44'),
	(4035, 1, '登录', '进行用户登录操作', '2018-01-10 12:54:02'),
	(4036, 1, '登录', 'admin用户登录成功', '2018-01-10 12:54:02'),
	(4037, 1, '登录', '进行用户登录操作', '2018-01-10 12:54:27'),
	(4038, 1, '登录', 'admin用户登录成功', '2018-01-10 12:54:27'),
	(4039, 1, '登录', '进行用户登录操作', '2018-01-10 12:57:18'),
	(4040, 1, '登录', 'admin用户登录成功', '2018-01-10 12:57:18'),
	(4041, 1, '登录', '进行用户登录操作', '2018-01-10 12:58:06'),
	(4042, 1, '登录', 'admin用户登录成功', '2018-01-10 12:58:07'),
	(4043, 1, '登录', '进行用户登录操作', '2018-01-10 12:58:48'),
	(4044, 1, '登录', 'admin用户登录成功', '2018-01-10 12:58:48'),
	(4045, 1, '登录', '进行用户登录操作', '2018-01-10 12:59:56'),
	(4046, 6, '登录', '小白3用户登录成功', '2018-01-10 12:59:56'),
	(4047, 1, '登录', '进行用户登录操作', '2018-01-10 13:00:58'),
	(4048, 1, '登录', 'admin用户登录成功', '2018-01-10 13:00:58'),
	(4049, 1, '登录', '进行用户登录操作', '2018-01-10 13:01:08'),
	(4050, 6, '登录', '小白3用户登录成功', '2018-01-10 13:01:08'),
	(4051, 1, '登录', '进行用户登录操作', '2018-01-10 13:01:26'),
	(4052, 1, '登录', 'admin用户登录成功', '2018-01-10 13:01:26'),
	(4053, 1, '登录', '进行用户登录操作', '2018-01-10 13:04:01'),
	(4054, 6, '登录', '小白3用户登录成功', '2018-01-10 13:04:01'),
	(4055, 1, '登录', '进行用户登录操作', '2018-01-10 13:04:32'),
	(4056, 1, '登录', 'admin用户登录成功', '2018-01-10 13:04:32'),
	(4057, 1, '登录', '进行用户登录操作', '2018-01-10 13:05:02'),
	(4058, 6, '登录', '小白3用户登录成功', '2018-01-10 13:05:02'),
	(4059, 1, '登录', '进行用户登录操作', '2018-01-10 13:06:42'),
	(4060, 1, '登录', 'admin用户登录成功', '2018-01-10 13:06:43'),
	(4061, 1, '登录', '进行用户登录操作', '2018-01-10 13:07:01'),
	(4062, 6, '登录', '小白3用户登录成功', '2018-01-10 13:07:01'),
	(4063, 1, '登录', '进行用户登录操作', '2018-01-10 13:07:23'),
	(4064, 1, '登录', 'admin用户登录成功', '2018-01-10 13:07:23'),
	(4065, 1, '登录', '进行用户登录操作', '2018-01-10 13:13:44'),
	(4066, 6, '登录', '小白3用户登录成功', '2018-01-10 13:13:44'),
	(4067, 1, '登录', '进行用户登录操作', '2018-01-10 13:22:01'),
	(4068, 1, '登录', '进行用户登录操作', '2018-01-10 13:22:10'),
	(4069, 1, '登录', 'admin用户登录成功', '2018-01-10 13:22:10'),
	(4070, 1, '登录', '进行用户登录操作', '2018-01-10 13:22:27'),
	(4071, 1, '登录', 'admin用户登录成功', '2018-01-10 13:22:27'),
	(4072, 1, '登录', '进行用户登录操作', '2018-01-10 13:24:39'),
	(4073, 2, '登录', '小白用户登录成功', '2018-01-10 13:24:39'),
	(4074, 1, '登录', '进行用户登录操作', '2018-01-10 13:25:28'),
	(4075, 6, '登录', '小白3用户登录成功', '2018-01-10 13:25:28'),
	(4076, 1, '登录', '进行用户登录操作', '2018-01-10 13:26:03'),
	(4077, 2, '登录', '小白用户登录成功', '2018-01-10 13:26:03'),
	(4078, 1, '登录', '进行用户登录操作', '2018-01-10 13:35:41'),
	(4079, 1, '登录', '进行用户登录操作', '2018-01-10 13:35:50'),
	(4080, 1, '登录', 'admin用户登录成功', '2018-01-10 13:35:50'),
	(4081, 1, '登录', '进行用户登录操作', '2018-01-10 13:45:46'),
	(4082, 1, '登录', 'admin用户登录成功', '2018-01-10 13:45:47'),
	(4083, 1, '登录', '进行用户登录操作', '2018-01-10 13:46:06'),
	(4084, 1, '登录', 'admin用户登录成功', '2018-01-10 13:46:06'),
	(4085, 1, '登录', '进行用户登录操作', '2018-01-10 13:47:01'),
	(4086, 2, '登录', '小白用户登录成功', '2018-01-10 13:47:01'),
	(4087, 1, '登录', '进行用户登录操作', '2018-01-10 13:51:39'),
	(4088, 2, '登录', '小白用户登录成功', '2018-01-10 13:51:39'),
	(4089, 1, '登录', '进行用户登录操作', '2018-01-10 13:52:04'),
	(4090, 2, '登录', '小白用户登录成功', '2018-01-10 13:52:04'),
	(4091, 1, '登录', '进行用户登录操作', '2018-01-10 13:53:24'),
	(4092, 2, '登录', '小白用户登录成功', '2018-01-10 13:53:25'),
	(4093, 1, '登录', '进行用户登录操作', '2018-01-10 13:53:55'),
	(4094, 2, '登录', '小白用户登录成功', '2018-01-10 13:53:55'),
	(4095, 1, '登录', '进行用户登录操作', '2018-01-10 14:00:55'),
	(4096, 1, '登录', 'admin用户登录成功', '2018-01-10 14:00:56'),
	(4097, 1, '修改', '进行理赔结算', '2018-01-10 14:01:39'),
	(4098, 1, '修改', '进行理赔结算', '2018-01-10 14:01:39'),
	(4099, 1, '修改', '进行理赔结算', '2018-01-10 14:01:39'),
	(4100, 1, '添加', '添加理赔记录', '2018-01-10 14:01:39'),
	(4101, 1, '添加', '添加理赔记录', '2018-01-10 14:01:39'),
	(4102, 1, '登录', '进行用户登录操作', '2018-01-10 14:05:55'),
	(4103, 1, '登录', 'admin用户登录成功', '2018-01-10 14:05:56'),
	(4104, 1, '修改', '进行理赔结算', '2018-01-10 14:06:30'),
	(4105, 1, '修改', '进行理赔结算', '2018-01-10 14:06:30'),
	(4106, 1, '修改', '进行理赔结算', '2018-01-10 14:06:30'),
	(4107, 1, '添加', '添加理赔记录', '2018-01-10 14:06:31'),
	(4108, 1, '添加', '添加理赔记录', '2018-01-10 14:06:31'),
	(4109, 1, '登录', '进行用户登录操作', '2018-01-10 14:08:41'),
	(4110, 1, '登录', 'admin用户登录成功', '2018-01-10 14:08:41'),
	(4111, 1, '登录', '进行用户登录操作', '2018-01-10 14:09:17'),
	(4112, 1, '登录', 'admin用户登录成功', '2018-01-10 14:09:17'),
	(4113, 1, '添加', '进行添加报案单', '2018-01-10 14:09:25'),
	(4114, 1, '添加', '进行添加报案单', '2018-01-10 14:09:25'),
	(4115, 1, '添加', '进行添加报案单', '2018-01-10 14:09:25'),
	(4116, 1, '添加', '进行添加报案单', '2018-01-10 14:09:25'),
	(4117, 1, '修改', '进行修改车辆出险次数', '2018-01-10 14:09:26'),
	(4118, 1, '登录', '进行用户登录操作', '2018-01-10 14:10:27'),
	(4119, 1, '登录', 'admin用户登录成功', '2018-01-10 14:10:28'),
	(4120, 1, '登录', '进行用户登录操作', '2018-01-10 14:10:43'),
	(4121, 1, '登录', 'admin用户登录成功', '2018-01-10 14:10:43'),
	(4122, 1, '登录', '进行用户登录操作', '2018-01-10 14:13:10'),
	(4123, 1, '登录', 'admin用户登录成功', '2018-01-10 14:13:10'),
	(4124, 1, '登录', '进行用户登录操作', '2018-01-10 14:13:22'),
	(4125, 1, '登录', 'admin用户登录成功', '2018-01-10 14:13:23'),
	(4126, 1, '登录', '进行用户登录操作', '2018-01-10 14:16:51'),
	(4127, 1, '登录', 'admin用户登录成功', '2018-01-10 14:16:51'),
	(4128, 1, '登录', '进行用户登录操作', '2018-01-10 14:17:16'),
	(4129, 1, '登录', 'admin用户登录成功', '2018-01-10 14:17:16'),
	(4130, 1, '添加', '进行添加报案单', '2018-01-10 14:17:52'),
	(4131, 1, '添加', '进行添加报案单', '2018-01-10 14:17:52'),
	(4132, 1, '添加', '进行添加报案单', '2018-01-10 14:17:52'),
	(4133, 1, '添加', '进行添加报案单', '2018-01-10 14:17:52'),
	(4134, 1, '修改', '进行修改车辆出险次数', '2018-01-10 14:17:52'),
	(4135, 1, '登录', '进行用户登录操作', '2018-01-10 14:24:22'),
	(4136, 1, '登录', 'admin用户登录成功', '2018-01-10 14:24:22'),
	(4137, 1, '登录', '进行用户登录操作', '2018-01-10 14:24:40'),
	(4138, 1, '登录', 'admin用户登录成功', '2018-01-10 14:24:40'),
	(4139, 1, '登录', '进行用户登录操作', '2018-01-10 14:26:09'),
	(4140, 1, '登录', 'admin用户登录成功', '2018-01-10 14:26:10'),
	(4141, 1, '登录', '进行用户登录操作', '2018-01-10 14:26:26'),
	(4142, 1, '登录', 'admin用户登录成功', '2018-01-10 14:26:26'),
	(4143, 1, '登录', '进行用户登录操作', '2018-01-10 14:26:59'),
	(4144, 1, '登录', 'admin用户登录成功', '2018-01-10 14:26:59'),
	(4145, 1, '登录', '进行用户登录操作', '2018-01-10 14:27:31'),
	(4146, 1, '登录', 'admin用户登录成功', '2018-01-10 14:27:32'),
	(4147, 1, '登录', '进行用户登录操作', '2018-01-10 14:27:50'),
	(4148, 1, '登录', 'admin用户登录成功', '2018-01-10 14:27:50'),
	(4149, 1, '登录', '进行用户登录操作', '2018-01-10 14:28:43'),
	(4150, 1, '登录', 'admin用户登录成功', '2018-01-10 14:28:43'),
	(4151, 1, '登录', '进行用户登录操作', '2018-01-10 14:35:22'),
	(4152, 1, '登录', 'admin用户登录成功', '2018-01-10 14:35:22'),
	(4153, 1, '登录', '进行用户登录操作', '2018-01-10 14:35:43'),
	(4154, 1, '登录', 'admin用户登录成功', '2018-01-10 14:35:43'),
	(4155, 1, '注销', 'admin进行用户注销操作', '2018-01-10 14:35:56'),
	(4156, 1, '登录', '进行用户登录操作', '2018-01-10 14:36:24'),
	(4157, 1, '登录', 'admin用户登录成功', '2018-01-10 14:36:24'),
	(4158, 1, '登录', '进行用户登录操作', '2018-01-10 14:37:57'),
	(4159, 2, '登录', '小白用户登录成功', '2018-01-10 14:37:57'),
	(4160, 1, '登录', '进行用户登录操作', '2018-01-10 14:47:14'),
	(4161, 2, '登录', '小白用户登录成功', '2018-01-10 14:47:15'),
	(4162, 1, '添加', '进行添加报案单', '2018-01-10 14:51:01'),
	(4163, 1, '添加', '进行添加报案单', '2018-01-10 14:51:01'),
	(4164, 1, '添加', '进行添加报案单', '2018-01-10 14:51:01'),
	(4165, 1, '添加', '进行添加报案单', '2018-01-10 14:51:01'),
	(4166, 1, '修改', '进行修改车辆出险次数', '2018-01-10 14:51:01'),
	(4167, 1, '登录', '进行用户登录操作', '2018-01-10 14:51:18'),
	(4168, 1, '登录', 'admin用户登录成功', '2018-01-10 14:51:19'),
	(4169, 1, '登录', '进行用户登录操作', '2018-01-10 14:51:44'),
	(4170, 1, '登录', 'admin用户登录成功', '2018-01-10 14:51:44'),
	(4171, 1, '注销', 'admin进行用户注销操作', '2018-01-10 14:51:50'),
	(4172, 1, '登录', '进行用户登录操作', '2018-01-10 14:52:07'),
	(4173, 1, '登录', 'admin用户登录成功', '2018-01-10 14:52:07'),
	(4174, 1, '登录', '进行用户登录操作', '2018-01-10 14:57:22'),
	(4175, 1, '登录', 'admin用户登录成功', '2018-01-10 14:57:23'),
	(4176, 1, '登录', '进行用户登录操作', '2018-01-10 14:57:34'),
	(4177, 1, '登录', 'admin用户登录成功', '2018-01-10 14:57:34'),
	(4178, 1, '注销', 'admin进行用户注销操作', '2018-01-10 14:57:49'),
	(4179, 1, '登录', '进行用户登录操作', '2018-01-10 14:58:02'),
	(4180, 1, '登录', 'admin用户登录成功', '2018-01-10 14:58:02'),
	(4181, 1, '登录', '进行用户登录操作', '2018-01-10 14:58:13'),
	(4182, 6, '登录', '小白3用户登录成功', '2018-01-10 14:58:14'),
	(4183, 1, '登录', '进行用户登录操作', '2018-01-10 14:59:27'),
	(4184, 2, '登录', '小白用户登录成功', '2018-01-10 14:59:27'),
	(4185, 1, '登录', '进行用户登录操作', '2018-01-10 15:01:47'),
	(4186, 1, '登录', 'admin用户登录成功', '2018-01-10 15:01:48'),
	(4187, 1, '登录', '进行用户登录操作', '2018-01-10 15:02:01'),
	(4188, 1, '登录', 'admin用户登录成功', '2018-01-10 15:02:01'),
	(4189, 1, '注销', 'admin进行用户注销操作', '2018-01-10 15:02:11'),
	(4190, 1, '登录', '进行用户登录操作', '2018-01-10 15:05:34'),
	(4191, 1, '登录', 'admin用户登录成功', '2018-01-10 15:05:35'),
	(4192, 1, '登录', '进行用户登录操作', '2018-01-10 15:05:45'),
	(4193, 1, '登录', 'admin用户登录成功', '2018-01-10 15:05:45'),
	(4194, 1, '注销', 'admin进行用户注销操作', '2018-01-10 15:05:57'),
	(4195, 1, '登录', '进行用户登录操作', '2018-01-10 15:06:08'),
	(4196, 1, '登录', 'admin用户登录成功', '2018-01-10 15:06:08'),
	(4197, 1, '登录', '进行用户登录操作', '2018-01-10 15:07:00'),
	(4198, 2, '登录', '小白用户登录成功', '2018-01-10 15:07:00'),
	(4199, 1, '登录', '进行用户登录操作', '2018-01-10 15:08:45'),
	(4200, 1, '登录', 'admin用户登录成功', '2018-01-10 15:08:46'),
	(4201, 1, '登录', '进行用户登录操作', '2018-01-10 15:09:03'),
	(4202, 1, '登录', 'admin用户登录成功', '2018-01-10 15:09:03'),
	(4203, 1, '注销', 'admin进行用户注销操作', '2018-01-10 15:09:11'),
	(4204, 1, '登录', '进行用户登录操作', '2018-01-10 15:09:34'),
	(4205, 1, '登录', 'admin用户登录成功', '2018-01-10 15:09:34'),
	(4206, 1, '登录', '进行用户登录操作', '2018-01-10 15:10:36'),
	(4207, 2, '登录', '小白用户登录成功', '2018-01-10 15:10:36'),
	(4208, 1, '登录', '进行用户登录操作', '2018-01-10 15:11:01'),
	(4209, 1, '登录', 'admin用户登录成功', '2018-01-10 15:11:01'),
	(4210, 1, '登录', '进行用户登录操作', '2018-01-10 15:11:47'),
	(4211, 1, '登录', 'admin用户登录成功', '2018-01-10 15:11:47'),
	(4212, NULL, NULL, NULL, NULL),
	(4213, 1, '登录', '进行用户登录操作', '2018-01-10 15:19:13'),
	(4214, 1, '登录', 'admin用户登录成功', '2018-01-10 15:19:13'),
	(4215, 1, '修改', '已缴费4', '2018-01-10 15:20:48'),
	(4216, 1, '修改', '已缴费4', '2018-01-10 15:20:48'),
	(4217, 1, '修改', '已缴费4', '2018-01-10 15:20:48'),
	(4218, 1, '登录', '进行用户登录操作', '2018-01-10 15:22:49'),
	(4219, 1, '登录', 'admin用户登录成功', '2018-01-10 15:22:49'),
	(4220, 1, '登录', '进行用户登录操作', '2018-01-10 15:23:03'),
	(4221, 1, '登录', 'admin用户登录成功', '2018-01-10 15:23:03'),
	(4222, 1, '注销', 'admin进行用户注销操作', '2018-01-10 15:23:54'),
	(4223, 1, '登录', '进行用户登录操作', '2018-01-10 15:25:53'),
	(4224, 1, '登录', 'admin用户登录成功', '2018-01-10 15:25:53'),
	(4225, 1, '登录', '进行用户登录操作', '2018-01-10 15:27:52'),
	(4226, 1, '登录', 'admin用户登录成功', '2018-01-10 15:27:52'),
	(4227, 1, '登录', '进行用户登录操作', '2018-01-10 15:29:33'),
	(4228, 1, '登录', 'admin用户登录成功', '2018-01-10 15:29:33'),
	(4229, 1, '注销', 'admin进行用户注销操作', '2018-01-10 15:29:45'),
	(4230, 1, '登录', '进行用户登录操作', '2018-01-10 15:30:13'),
	(4231, 1, '登录', 'admin用户登录成功', '2018-01-10 15:30:13'),
	(4232, 1, '登录', '进行用户登录操作', '2018-01-10 15:35:01'),
	(4233, 1, '登录', 'admin用户登录成功', '2018-01-10 15:35:01'),
	(4234, 1, '登录', '进行用户登录操作', '2018-01-10 15:35:17'),
	(4235, 1, '登录', 'admin用户登录成功', '2018-01-10 15:35:17'),
	(4236, 1, '注销', 'admin进行用户注销操作', '2018-01-10 15:35:20'),
	(4237, 1, '登录', '进行用户登录操作', '2018-01-10 15:35:51'),
	(4238, 1, '登录', 'admin用户登录成功', '2018-01-10 15:35:51'),
	(4239, 1, '登录', '进行用户登录操作', '2018-01-10 15:36:52'),
	(4240, 1, '登录', 'admin用户登录成功', '2018-01-10 15:36:53'),
	(4241, 1, '登录', '进行用户登录操作', '2018-01-10 15:37:09'),
	(4242, 1, '登录', 'admin用户登录成功', '2018-01-10 15:37:09'),
	(4243, 1, '注销', 'admin进行用户注销操作', '2018-01-10 15:37:28'),
	(4244, 1, '登录', '进行用户登录操作', '2018-01-10 15:39:15'),
	(4245, 1, '登录', 'admin用户登录成功', '2018-01-10 15:39:16'),
	(4246, 1, '登录', '进行用户登录操作', '2018-01-10 15:39:35'),
	(4247, 1, '登录', 'admin用户登录成功', '2018-01-10 15:39:35'),
	(4248, 1, '注销', 'admin进行用户注销操作', '2018-01-10 15:39:40'),
	(4249, 1, '修改', '已缴费55', '2018-01-10 15:48:27'),
	(4250, 1, '修改', '已缴费55', '2018-01-10 15:48:27'),
	(4251, 1, '修改', '已缴费55', '2018-01-10 15:48:27'),
	(4252, 1, '登录', '进行用户登录操作', '2018-01-10 15:55:31'),
	(4253, 1, '登录', 'admin用户登录成功', '2018-01-10 15:55:32'),
	(4254, 1, '登录', '进行用户登录操作', '2018-01-10 15:56:00'),
	(4255, 1, '登录', 'admin用户登录成功', '2018-01-10 15:56:00'),
	(4256, 1, '登录', '进行用户登录操作', '2018-01-10 16:00:37'),
	(4257, 1, '登录', 'admin用户登录成功', '2018-01-10 16:00:37'),
	(4258, 1, '登录', '进行用户登录操作', '2018-01-10 16:00:52'),
	(4259, 1, '登录', 'admin用户登录成功', '2018-01-10 16:00:52'),
	(4260, 1, '注销', 'admin进行用户注销操作', '2018-01-10 16:01:02'),
	(4261, 1, '登录', '进行用户登录操作', '2018-01-10 16:01:45'),
	(4262, 1, '登录', 'admin用户登录成功', '2018-01-10 16:01:45'),
	(4263, 1, '登录', '进行用户登录操作', '2018-01-10 16:02:47'),
	(4264, 1, '登录', 'admin用户登录成功', '2018-01-10 16:02:47'),
	(4265, 1, '登录', '进行用户登录操作', '2018-01-10 16:03:24'),
	(4266, 1, '登录', 'admin用户登录成功', '2018-01-10 16:03:25'),
	(4267, 1, '登录', '进行用户登录操作', '2018-01-10 16:03:43'),
	(4268, 1, '登录', 'admin用户登录成功', '2018-01-10 16:03:43'),
	(4269, 1, '注销', 'admin进行用户注销操作', '2018-01-10 16:03:48'),
	(4270, 1, '登录', '进行用户登录操作', '2018-01-10 16:04:55'),
	(4271, 1, '登录', 'admin用户登录成功', '2018-01-10 16:04:55'),
	(4272, 1, '登录', '进行用户登录操作', '2018-01-10 16:05:13'),
	(4273, 1, '登录', 'admin用户登录成功', '2018-01-10 16:05:13'),
	(4274, 1, '注销', 'admin进行用户注销操作', '2018-01-10 16:05:17'),
	(4275, 1, '登录', '进行用户登录操作', '2018-01-10 16:08:04'),
	(4276, 1, '登录', 'admin用户登录成功', '2018-01-10 16:08:05'),
	(4277, 1, '登录', '进行用户登录操作', '2018-01-10 16:08:22'),
	(4278, 1, '登录', 'admin用户登录成功', '2018-01-10 16:08:22'),
	(4279, 1, '注销', 'admin进行用户注销操作', '2018-01-10 16:08:26'),
	(4280, 1, '登录', '进行用户登录操作', '2018-01-10 16:11:33'),
	(4281, 1, '登录', 'admin用户登录成功', '2018-01-10 16:11:34'),
	(4282, 1, '登录', '进行用户登录操作', '2018-01-10 16:12:33'),
	(4283, 1, '登录', 'admin用户登录成功', '2018-01-10 16:12:33'),
	(4284, 1, '注销', 'admin进行用户注销操作', '2018-01-10 16:12:36'),
	(4285, 1, '登录', '进行用户登录操作', '2018-01-10 16:12:57'),
	(4286, 1, '登录', 'admin用户登录成功', '2018-01-10 16:12:57'),
	(4287, 1, '注销', 'admin进行用户注销操作', '2018-01-10 16:13:04'),
	(4288, 1, '登录', '进行用户登录操作', '2018-01-10 16:13:13'),
	(4289, 1, '登录', 'admin用户登录成功', '2018-01-10 16:13:13'),
	(4290, 1, '登录', '进行用户登录操作', '2018-01-10 16:14:23'),
	(4291, 1, '登录', 'admin用户登录成功', '2018-01-10 16:14:23'),
	(4292, 1, '登录', '进行用户登录操作', '2018-01-10 16:15:01'),
	(4293, 1, '登录', 'admin用户登录成功', '2018-01-10 16:15:01'),
	(4294, 1, '注销', 'admin进行用户注销操作', '2018-01-10 16:15:06'),
	(4295, 1, '登录', '进行用户登录操作', '2018-01-10 16:15:18'),
	(4296, 1, '登录', 'admin用户登录成功', '2018-01-10 16:15:18'),
	(4297, 1, '注销', 'admin进行用户注销操作', '2018-01-10 16:15:21'),
	(4298, 1, '登录', '进行用户登录操作', '2018-01-10 16:15:33'),
	(4299, 1, '登录', 'admin用户登录成功', '2018-01-10 16:15:33'),
	(4300, 1, '注销', 'admin进行用户注销操作', '2018-01-10 16:15:37'),
	(4301, 1, '登录', '进行用户登录操作', '2018-01-10 16:15:54'),
	(4302, 1, '登录', '进行用户登录操作', '2018-01-10 16:16:03'),
	(4303, 1, '登录', '进行用户登录操作', '2018-01-10 16:16:10'),
	(4304, 6, '登录', '小白3用户登录成功', '2018-01-10 16:16:10'),
	(4305, 1, '登录', '进行用户登录操作', '2018-01-10 16:22:06'),
	(4306, 1, '登录', 'admin用户登录成功', '2018-01-10 16:22:06'),
	(4307, 1, '修改', '已缴费57', '2018-01-10 16:22:17'),
	(4308, 1, '修改', '已缴费57', '2018-01-10 16:22:17'),
	(4309, 1, '修改', '已缴费57', '2018-01-10 16:22:17'),
	(4310, 1, '修改', '已缴费59', '2018-01-10 16:29:53'),
	(4311, 1, '修改', '已缴费59', '2018-01-10 16:29:53'),
	(4312, 1, '修改', '已缴费59', '2018-01-10 16:29:53'),
	(4313, 1, '登录', '进行用户登录操作', '2018-01-10 16:42:07'),
	(4314, 1, '登录', 'admin用户登录成功', '2018-01-10 16:42:08'),
	(4315, 1, '登录', '进行用户登录操作', '2018-01-10 16:42:24'),
	(4316, 1, '登录', 'admin用户登录成功', '2018-01-10 16:42:24'),
	(4317, 1, '注销', 'admin进行用户注销操作', '2018-01-10 16:42:25'),
	(4318, 1, '登录', '进行用户登录操作', '2018-01-10 16:42:41'),
	(4319, 1, '登录', 'admin用户登录成功', '2018-01-10 16:42:41'),
	(4320, 1, '注销', 'admin进行用户注销操作', '2018-01-10 16:42:41'),
	(4321, 1, '登录', '进行用户登录操作', '2018-01-10 16:43:44'),
	(4322, 1, '登录', 'admin用户登录成功', '2018-01-10 16:43:44'),
	(4323, 1, '修改', '已缴费58', '2018-01-10 16:43:58'),
	(4324, 1, '修改', '已缴费58', '2018-01-10 16:44:00'),
	(4325, 1, '修改', '已缴费58', '2018-01-10 16:43:58'),
	(4326, 1, '修改', '已缴费58', '2018-01-10 16:43:58'),
	(4327, 1, '修改', '已缴费58', '2018-01-10 16:44:00'),
	(4328, 1, '修改', '已缴费58', '2018-01-10 16:44:00'),
	(4329, 1, '登录', '进行用户登录操作', '2018-01-10 16:50:52'),
	(4330, 1, '登录', 'admin用户登录成功', '2018-01-10 16:50:52'),
	(4331, 1, '注销', 'admin进行用户注销操作', '2018-01-10 16:51:07'),
	(4332, 1, '登录', '进行用户登录操作', '2018-01-10 16:51:16'),
	(4333, 1, '登录', 'admin用户登录成功', '2018-01-10 16:51:16'),
	(4334, 1, '注销', 'admin进行用户注销操作', '2018-01-10 16:51:19'),
	(4335, 1, '登录', '进行用户登录操作', '2018-01-10 16:51:28'),
	(4336, 1, '登录', 'admin用户登录成功', '2018-01-10 16:51:28'),
	(4337, 1, '注销', 'admin进行用户注销操作', '2018-01-10 16:51:34'),
	(4338, 1, '登录', '进行用户登录操作', '2018-01-10 16:56:23'),
	(4339, 1, '登录', '进行用户登录操作', '2018-01-10 16:56:42'),
	(4340, 1, '登录', 'admin用户登录成功', '2018-01-10 16:56:42'),
	(4341, 1, '登录', '进行用户登录操作', '2018-01-10 16:57:29'),
	(4342, 1, '登录', 'admin用户登录成功', '2018-01-10 16:57:29'),
	(4343, 1, '登录', '进行用户登录操作', '2018-01-10 16:57:42'),
	(4344, 1, '登录', 'admin用户登录成功', '2018-01-10 16:57:42'),
	(4345, 1, '注销', 'admin进行用户注销操作', '2018-01-10 16:57:44'),
	(4346, 1, '修改', '已缴费70', '2018-01-10 16:57:54'),
	(4347, 1, '修改', '已缴费70', '2018-01-10 16:57:55'),
	(4348, 1, '修改', '已缴费70', '2018-01-10 16:57:54'),
	(4349, 1, '修改', '已缴费70', '2018-01-10 16:57:54'),
	(4350, 1, '修改', '已缴费70', '2018-01-10 16:57:55'),
	(4351, 1, '修改', '已缴费70', '2018-01-10 16:57:55'),
	(4352, 1, '登录', '进行用户登录操作', '2018-01-10 16:57:59'),
	(4353, 1, '登录', 'admin用户登录成功', '2018-01-10 16:57:59'),
	(4354, 1, '登录', '进行用户登录操作', '2018-01-10 16:58:11'),
	(4355, 1, '登录', 'admin用户登录成功', '2018-01-10 16:58:11'),
	(4356, 1, '注销', 'admin进行用户注销操作', '2018-01-10 16:58:13'),
	(4357, 1, '注销', 'admin进行用户注销操作', '2018-01-10 16:58:23'),
	(4358, 1, '登录', '进行用户登录操作', '2018-01-10 16:58:27'),
	(4359, 1, '登录', 'admin用户登录成功', '2018-01-10 16:58:27'),
	(4360, 1, '注销', 'admin进行用户注销操作', '2018-01-10 16:59:24'),
	(4361, 1, '登录', '进行用户登录操作', '2018-01-10 16:59:47'),
	(4362, 1, '登录', 'admin用户登录成功', '2018-01-10 16:59:47'),
	(4363, 1, '修改', '已缴费71', '2018-01-10 16:59:55'),
	(4364, 1, '修改', '已缴费71', '2018-01-10 16:59:55'),
	(4365, 1, '修改', '已缴费71', '2018-01-10 16:59:55'),
	(4366, 1, '登录', '进行用户登录操作', '2018-01-10 17:00:12'),
	(4367, 1, '登录', 'admin用户登录成功', '2018-01-10 17:00:12'),
	(4368, 1, '注销', 'admin进行用户注销操作', '2018-01-10 17:00:18'),
	(4369, 1, '登录', '进行用户登录操作', '2018-01-10 17:01:40'),
	(4370, 1, '登录', 'admin用户登录成功', '2018-01-10 17:01:40'),
	(4371, 1, '登录', '进行用户登录操作', '2018-01-10 17:01:46'),
	(4372, 1, '登录', 'admin用户登录成功', '2018-01-10 17:01:46'),
	(4373, 1, '登录', '进行用户登录操作', '2018-01-10 17:03:00'),
	(4374, 1, '登录', 'admin用户登录成功', '2018-01-10 17:03:00'),
	(4375, 1, '登录', '进行用户登录操作', '2018-01-10 17:03:54'),
	(4376, 1, '登录', 'admin用户登录成功', '2018-01-10 17:03:54'),
	(4377, 1, '修改', '已缴费72', '2018-01-10 17:04:00'),
	(4378, 1, '修改', '已缴费72', '2018-01-10 17:04:00'),
	(4379, 1, '修改', '已缴费72', '2018-01-10 17:04:00'),
	(4380, 1, '登录', '进行用户登录操作', '2018-01-10 17:04:23'),
	(4381, 1, '登录', 'admin用户登录成功', '2018-01-10 17:04:24'),
	(4382, 1, '登录', '进行用户登录操作', '2018-01-10 17:04:35'),
	(4383, 1, '登录', 'admin用户登录成功', '2018-01-10 17:04:35'),
	(4384, 1, '登录', '进行用户登录操作', '2018-01-10 17:05:10'),
	(4385, 1, '登录', 'admin用户登录成功', '2018-01-10 17:05:10'),
	(4386, 1, '修改', '已缴费73', '2018-01-10 17:05:17'),
	(4387, 1, '修改', '已缴费73', '2018-01-10 17:05:17'),
	(4388, 1, '修改', '已缴费73', '2018-01-10 17:05:17'),
	(4389, 1, '登录', '进行用户登录操作', '2018-01-10 17:10:48'),
	(4390, 1, '登录', 'admin用户登录成功', '2018-01-10 17:10:49'),
	(4391, 1, '修改', '已缴费25', '2018-01-10 17:10:55'),
	(4392, 1, '修改', '已缴费25', '2018-01-10 17:10:55'),
	(4393, 1, '修改', '已缴费25', '2018-01-10 17:10:55'),
	(4394, 1, '登录', '进行用户登录操作', '2018-01-10 17:11:56'),
	(4395, 1, '登录', 'admin用户登录成功', '2018-01-10 17:11:56'),
	(4396, 1, '登录', '进行用户登录操作', '2018-01-10 17:12:07'),
	(4397, 1, '登录', 'admin用户登录成功', '2018-01-10 17:12:07'),
	(4398, 1, '注销', 'admin进行用户注销操作', '2018-01-10 17:12:09'),
	(4399, 1, '注销', 'admin进行用户注销操作', '2018-01-10 17:12:16'),
	(4400, 1, '登录', '进行用户登录操作', '2018-01-10 17:15:10'),
	(4401, 1, '登录', 'admin用户登录成功', '2018-01-10 17:15:11'),
	(4402, 1, '登录', '进行用户登录操作', '2018-01-10 17:15:15'),
	(4403, 1, '登录', 'admin用户登录成功', '2018-01-10 17:15:15'),
	(4404, 1, '修改', '已缴费3', '2018-01-10 17:15:18'),
	(4405, 1, '修改', '已缴费3', '2018-01-10 17:15:18'),
	(4406, 1, '修改', '已缴费3', '2018-01-10 17:15:18'),
	(4407, 1, '登录', '进行用户登录操作', '2018-01-10 17:15:27'),
	(4408, 1, '登录', 'admin用户登录成功', '2018-01-10 17:15:27'),
	(4409, 1, '注销', 'admin进行用户注销操作', '2018-01-10 17:15:28'),
	(4410, 1, '登录', '进行用户登录操作', '2018-01-10 17:15:34'),
	(4411, 1, '登录', 'admin用户登录成功', '2018-01-10 17:15:34'),
	(4412, 1, '注销', 'admin进行用户注销操作', '2018-01-10 17:15:35'),
	(4413, 1, '登录', '进行用户登录操作', '2018-01-10 17:18:16'),
	(4414, 1, '登录', 'admin用户登录成功', '2018-01-10 17:18:16'),
	(4415, 1, '注销', 'admin进行用户注销操作', '2018-01-10 17:18:22'),
	(4416, 1, '登录', '进行用户登录操作', '2018-01-10 17:19:28'),
	(4417, 1, '登录', 'admin用户登录成功', '2018-01-10 17:19:28'),
	(4418, 1, '修改', '已缴费4', '2018-01-10 17:19:35'),
	(4419, 1, '修改', '已缴费4', '2018-01-10 17:19:35'),
	(4420, 1, '修改', '已缴费4', '2018-01-10 17:19:35'),
	(4421, 1, '登录', '进行用户登录操作', '2018-01-10 17:19:36'),
	(4422, 1, '登录', 'admin用户登录成功', '2018-01-10 17:19:36'),
	(4423, 1, '注销', 'null进行用户注销操作', '2018-01-10 17:21:51'),
	(4424, 1, '登录', '进行用户登录操作', '2018-01-10 17:22:02'),
	(4425, 1, '登录', 'admin用户登录成功', '2018-01-10 17:22:02'),
	(4426, 1, '注销', 'null进行用户注销操作', '2018-01-10 17:22:45'),
	(4427, 1, '注销', 'admin进行用户注销操作', '2018-01-10 17:22:56'),
	(4428, 1, '登录', '进行用户登录操作', '2018-01-10 17:23:39'),
	(4429, 1, '登录', 'admin用户登录成功', '2018-01-10 17:23:40'),
	(4430, 1, '修改', '已缴费4', '2018-01-10 17:23:47'),
	(4431, 1, '修改', '已缴费4', '2018-01-10 17:23:47'),
	(4432, 1, '修改', '已缴费4', '2018-01-10 17:23:47'),
	(4433, 1, '登录', '进行用户登录操作', '2018-01-10 17:24:28'),
	(4434, 1, '登录', 'admin用户登录成功', '2018-01-10 17:24:28'),
	(4435, 1, '注销', 'admin进行用户注销操作', '2018-01-10 17:24:35'),
	(4436, 1, '登录', '进行用户登录操作', '2018-01-10 17:26:13'),
	(4437, 1, '登录', 'admin用户登录成功', '2018-01-10 17:26:13'),
	(4438, 1, '注销', 'admin进行用户注销操作', '2018-01-10 17:26:22'),
	(4439, 1, '登录', '进行用户登录操作', '2018-01-10 17:27:30'),
	(4440, 1, '登录', 'admin用户登录成功', '2018-01-10 17:27:31'),
	(4441, 1, '注销', 'admin进行用户注销操作', '2018-01-10 17:27:36'),
	(4442, 1, '登录', '进行用户登录操作', '2018-01-10 17:32:20'),
	(4443, 1, '登录', 'admin用户登录成功', '2018-01-10 17:32:20'),
	(4444, 1, '注销', 'admin进行用户注销操作', '2018-01-10 17:33:01'),
	(4445, 1, '登录', '进行用户登录操作', '2018-01-10 17:36:18'),
	(4446, 1, '登录', 'admin用户登录成功', '2018-01-10 17:36:19'),
	(4447, 1, '登录', '进行用户登录操作', '2018-01-10 17:36:40'),
	(4448, 1, '登录', 'admin用户登录成功', '2018-01-10 17:36:41'),
	(4449, 1, '修改', '已缴费56', '2018-01-10 17:40:12'),
	(4450, 1, '修改', '已缴费56', '2018-01-10 17:40:12'),
	(4451, 1, '修改', '已缴费56', '2018-01-10 17:40:12'),
	(4452, 1, '登录', '进行用户登录操作', '2018-01-10 17:45:01'),
	(4453, 1, '登录', 'admin用户登录成功', '2018-01-10 17:45:01'),
	(4454, 1, '注销', 'admin进行用户注销操作', '2018-01-10 17:45:04'),
	(4455, 1, '登录', '进行用户登录操作', '2018-01-10 17:52:22'),
	(4456, 1, '登录', 'admin用户登录成功', '2018-01-10 17:52:22'),
	(4457, 1, '注销', 'admin进行用户注销操作', '2018-01-10 17:52:31'),
	(4458, 1, '登录', '进行用户登录操作', '2018-01-10 17:57:11'),
	(4459, 1, '登录', 'admin用户登录成功', '2018-01-10 17:57:11'),
	(4460, 1, '注销', 'admin进行用户注销操作', '2018-01-10 17:57:17'),
	(4461, 1, '登录', '进行用户登录操作', '2018-01-10 17:57:31'),
	(4462, 1, '登录', 'admin用户登录成功', '2018-01-10 17:57:31'),
	(4463, 1, '注销', 'admin进行用户注销操作', '2018-01-10 17:57:34'),
	(4464, 1, '注销', 'admin进行用户注销操作', '2018-01-10 18:13:38'),
	(4465, 1, '登录', '进行用户登录操作', '2018-01-10 18:14:09'),
	(4466, 1, '登录', 'admin用户登录成功', '2018-01-10 18:14:09'),
	(4467, 1, '注销', 'admin进行用户注销操作', '2018-01-10 18:14:17'),
	(4468, 1, '登录', '进行用户登录操作', '2018-01-10 18:16:03'),
	(4469, 1, '登录', 'admin用户登录成功', '2018-01-10 18:16:03'),
	(4470, 1, '登录', '进行用户登录操作', '2018-01-10 18:17:07'),
	(4471, 1, '登录', 'admin用户登录成功', '2018-01-10 18:17:07'),
	(4472, 1, '登录', '进行用户登录操作', '2018-01-10 18:28:37'),
	(4473, 1, '登录', 'admin用户登录成功', '2018-01-10 18:28:38'),
	(4474, 1, '登录', '进行用户登录操作', '2018-01-10 18:28:53'),
	(4475, 1, '登录', 'admin用户登录成功', '2018-01-10 18:28:53'),
	(4476, 1, '注销', 'admin进行用户注销操作', '2018-01-10 18:28:57'),
	(4477, 1, '登录', '进行用户登录操作', '2018-01-10 18:29:04'),
	(4478, 1, '登录', 'admin用户登录成功', '2018-01-10 18:29:04'),
	(4479, 1, '注销', 'admin进行用户注销操作', '2018-01-10 18:29:20'),
	(4480, 1, '登录', '进行用户登录操作', '2018-01-10 18:30:14'),
	(4481, 1, '登录', '进行用户登录操作', '2018-01-10 18:30:21'),
	(4482, 6, '登录', '小白3用户登录成功', '2018-01-10 18:30:21'),
	(4483, 1, '登录', '进行用户登录操作', '2018-01-10 18:32:34'),
	(4484, 1, '登录', '进行用户登录操作', '2018-01-10 18:32:42'),
	(4485, 1, '登录', 'admin用户登录成功', '2018-01-10 18:32:42'),
	(4486, 1, '登录', '进行用户登录操作', '2018-01-10 18:35:40'),
	(4487, 1, '登录', 'admin用户登录成功', '2018-01-10 18:35:41'),
	(4488, 1, '登录', '进行用户登录操作', '2018-01-10 18:35:58'),
	(4489, 1, '登录', 'admin用户登录成功', '2018-01-10 18:35:59'),
	(4490, 1, '登录', '进行用户登录操作', '2018-01-10 19:04:54'),
	(4491, 1, '登录', 'admin用户登录成功', '2018-01-10 19:04:55'),
	(4492, 1, '登录', '进行用户登录操作', '2018-01-10 19:05:44'),
	(4493, 1, '登录', 'admin用户登录成功', '2018-01-10 19:05:44'),
	(4494, 1, '登录', '进行用户登录操作', '2018-01-10 19:10:13'),
	(4495, 1, '登录', 'admin用户登录成功', '2018-01-10 19:10:14'),
	(4496, 1, '登录', '进行用户登录操作', '2018-01-10 19:10:37'),
	(4497, 1, '登录', 'admin用户登录成功', '2018-01-10 19:10:37'),
	(4498, 1, '登录', '进行用户登录操作', '2018-01-10 19:11:57'),
	(4499, 1, '登录', 'admin用户登录成功', '2018-01-10 19:11:58'),
	(4500, 1, '登录', '进行用户登录操作', '2018-01-10 19:12:15'),
	(4501, 1, '登录', 'admin用户登录成功', '2018-01-10 19:12:15'),
	(4502, 1, '注销', 'admin进行用户注销操作', '2018-01-10 19:13:17'),
	(4503, 1, '登录', '进行用户登录操作', '2018-01-10 19:13:38'),
	(4504, 1, '登录', 'admin用户登录成功', '2018-01-10 19:13:38'),
	(4505, 1, '注销', 'admin进行用户注销操作', '2018-01-10 19:14:02'),
	(4506, 1, '登录', '进行用户登录操作', '2018-01-10 19:16:21'),
	(4507, 1, '登录', 'admin用户登录成功', '2018-01-10 19:16:22'),
	(4508, 1, '登录', '进行用户登录操作', '2018-01-10 19:16:57'),
	(4509, 1, '登录', 'admin用户登录成功', '2018-01-10 19:16:57'),
	(4510, 1, '注销', 'admin进行用户注销操作', '2018-01-10 19:17:19'),
	(4511, 1, '登录', '进行用户登录操作', '2018-01-10 19:17:35'),
	(4512, 1, '登录', 'admin用户登录成功', '2018-01-10 19:17:35'),
	(4513, 1, '登录', '进行用户登录操作', '2018-01-10 19:19:19'),
	(4514, 1, '登录', 'admin用户登录成功', '2018-01-10 19:19:19'),
	(4515, 1, '注销', 'admin进行用户注销操作', '2018-01-10 19:20:28'),
	(4516, 1, '登录', '进行用户登录操作', '2018-01-10 19:20:42'),
	(4517, 1, '登录', 'admin用户登录成功', '2018-01-10 19:20:42'),
	(4518, 1, '登录', '进行用户登录操作', '2018-01-10 19:20:50'),
	(4519, 1, '登录', 'admin用户登录成功', '2018-01-10 19:20:50'),
	(4520, 1, '注销', 'admin进行用户注销操作', '2018-01-10 19:20:51'),
	(4521, 1, '登录', '进行用户登录操作', '2018-01-10 19:21:02'),
	(4522, 1, '登录', 'admin用户登录成功', '2018-01-10 19:21:02'),
	(4523, 1, '注销', 'admin进行用户注销操作', '2018-01-10 19:21:04'),
	(4524, 1, '登录', '进行用户登录操作', '2018-01-10 19:21:10'),
	(4525, 1, '登录', 'admin用户登录成功', '2018-01-10 19:21:10'),
	(4526, 1, '注销', 'admin进行用户注销操作', '2018-01-10 19:21:12'),
	(4527, 1, '登录', '进行用户登录操作', '2018-01-10 19:21:23'),
	(4528, 1, '登录', 'admin用户登录成功', '2018-01-10 19:21:23'),
	(4529, 1, '注销', 'admin进行用户注销操作', '2018-01-10 19:21:25'),
	(4530, 1, '登录', '进行用户登录操作', '2018-01-10 19:21:43'),
	(4531, 6, '登录', '小白3用户登录成功', '2018-01-10 19:21:43'),
	(4532, 1, '登录', '进行用户登录操作', '2018-01-10 19:24:37'),
	(4533, 1, '登录', 'admin用户登录成功', '2018-01-10 19:24:37'),
	(4534, 1, '登录', '进行用户登录操作', '2018-01-10 19:24:52'),
	(4535, 1, '登录', 'admin用户登录成功', '2018-01-10 19:24:52'),
	(4536, 1, '注销', 'admin进行用户注销操作', '2018-01-10 19:24:54'),
	(4537, 1, '登录', '进行用户登录操作', '2018-01-10 19:27:03'),
	(4538, 1, '登录', 'admin用户登录成功', '2018-01-10 19:27:03'),
	(4539, 1, '登录', '进行用户登录操作', '2018-01-10 19:27:09'),
	(4540, 1, '登录', 'admin用户登录成功', '2018-01-10 19:27:10'),
	(4541, 1, '注销', 'admin进行用户注销操作', '2018-01-10 19:27:12'),
	(4542, 1, '登录', '进行用户登录操作', '2018-01-10 19:27:21'),
	(4543, 1, '登录', 'admin用户登录成功', '2018-01-10 19:27:21'),
	(4544, 1, '注销', 'admin进行用户注销操作', '2018-01-10 19:27:24'),
	(4545, 1, '登录', '进行用户登录操作', '2018-01-10 19:35:19'),
	(4546, 1, '登录', 'admin用户登录成功', '2018-01-10 19:35:20'),
	(4547, 1, '登录', '进行用户登录操作', '2018-01-10 19:36:34'),
	(4548, 1, '登录', 'admin用户登录成功', '2018-01-10 19:36:35'),
	(4549, 1, '登录', '进行用户登录操作', '2018-01-10 19:36:58'),
	(4550, 1, '登录', 'admin用户登录成功', '2018-01-10 19:36:58'),
	(4551, 1, '注销', 'admin进行用户注销操作', '2018-01-10 19:37:01'),
	(4552, 1, '登录', '进行用户登录操作', '2018-01-10 19:37:23'),
	(4553, 2, '登录', 'bk用户登录成功', '2018-01-10 19:37:23'),
	(4554, 1, '登录', '进行用户登录操作', '2018-01-10 19:37:21'),
	(4555, 1, '登录', 'admin用户登录成功', '2018-01-10 19:37:21'),
	(4556, 1, '登录', '进行用户登录操作', '2018-01-10 19:38:46'),
	(4557, 1, '登录', 'admin用户登录成功', '2018-01-10 19:38:46'),
	(4558, 1, '登录', '进行用户登录操作', '2018-01-10 19:39:12'),
	(4559, 6, '登录', '小白3用户登录成功', '2018-01-10 19:39:12'),
	(4560, 1, '登录', '进行用户登录操作', '2018-01-10 19:45:55'),
	(4561, 1, '登录', 'admin用户登录成功', '2018-01-10 19:45:56'),
	(4562, 1, '登录', '进行用户登录操作', '2018-01-10 19:46:09'),
	(4563, 1, '登录', 'admin用户登录成功', '2018-01-10 19:46:09'),
	(4564, 1, '登录', '进行用户登录操作', '2018-01-10 19:46:18'),
	(4565, 1, '登录', 'admin用户登录成功', '2018-01-10 19:46:18'),
	(4566, 1, '注销', 'admin进行用户注销操作', '2018-01-10 19:46:20'),
	(4567, 1, '登录', '进行用户登录操作', '2018-01-10 19:46:30'),
	(4568, 1, '登录', 'admin用户登录成功', '2018-01-10 19:46:30'),
	(4569, 1, '登录', '进行用户登录操作', '2018-01-10 19:46:35'),
	(4570, 1, '登录', 'admin用户登录成功', '2018-01-10 19:46:35'),
	(4571, 1, '登录', '进行用户登录操作', '2018-01-10 19:46:49'),
	(4572, 6, '登录', '小白3用户登录成功', '2018-01-10 19:46:49'),
	(4573, 1, '登录', '进行用户登录操作', '2018-01-10 19:53:00'),
	(4574, 1, '登录', 'admin用户登录成功', '2018-01-10 19:53:00'),
	(4575, 1, '登录', '进行用户登录操作', '2018-01-10 19:53:07'),
	(4576, 1, '登录', 'admin用户登录成功', '2018-01-10 19:53:08'),
	(4577, 1, '登录', '进行用户登录操作', '2018-01-10 19:53:42'),
	(4578, 1, '登录', 'admin用户登录成功', '2018-01-10 19:53:42'),
	(4579, 1, '注销', 'admin进行用户注销操作', '2018-01-10 19:54:00'),
	(4580, 1, '登录', '进行用户登录操作', '2018-01-10 19:54:08'),
	(4581, 1, '登录', 'admin用户登录成功', '2018-01-10 19:54:08'),
	(4582, 1, '注销', 'admin进行用户注销操作', '2018-01-10 19:55:00'),
	(4583, 1, '登录', '进行用户登录操作', '2018-01-10 19:56:56'),
	(4584, 1, '登录', 'admin用户登录成功', '2018-01-10 19:56:56'),
	(4585, 1, '登录', '进行用户登录操作', '2018-01-10 19:57:06'),
	(4586, 1, '登录', 'admin用户登录成功', '2018-01-10 19:57:06'),
	(4587, 1, '注销', 'admin进行用户注销操作', '2018-01-10 19:57:08'),
	(4588, 1, '登录', '进行用户登录操作', '2018-01-10 19:57:37'),
	(4589, 1, '登录', 'admin用户登录成功', '2018-01-10 19:57:37'),
	(4590, 1, '注销', 'admin进行用户注销操作', '2018-01-10 19:57:39'),
	(4591, 1, '登录', '进行用户登录操作', '2018-01-10 19:57:52'),
	(4592, 1, '登录', 'admin用户登录成功', '2018-01-10 19:57:53'),
	(4593, 1, '登录', '进行用户登录操作', '2018-01-10 19:58:16'),
	(4594, 6, '登录', '小白3用户登录成功', '2018-01-10 19:58:16'),
	(4595, 1, '登录', '进行用户登录操作', '2018-01-10 19:58:45'),
	(4596, 1, '登录', 'admin用户登录成功', '2018-01-10 19:58:45'),
	(4597, 1, '登录', '进行用户登录操作', '2018-01-10 19:59:13'),
	(4598, 1, '登录', 'admin用户登录成功', '2018-01-10 19:59:13'),
	(4599, 1, '注销', 'admin进行用户注销操作', '2018-01-10 19:59:15'),
	(4600, 1, '登录', '进行用户登录操作', '2018-01-10 19:59:31'),
	(4601, 6, '登录', '小白3用户登录成功', '2018-01-10 19:59:31'),
	(4602, 1, '修改', '进行用户停用操作', '2018-01-10 20:03:33'),
	(4603, 1, '修改', '进行用户还原操作', '2018-01-10 20:03:39'),
	(4604, 6, '修改', '进行修改保险状态操作', '2018-01-10 20:31:36'),
	(4605, 1, '登录', '进行用户登录操作', '2018-01-10 20:36:40'),
	(4606, 1, '登录', 'admin用户登录成功', '2018-01-10 20:36:40'),
	(4607, 1, '登录', '进行用户登录操作', '2018-01-10 20:36:52'),
	(4608, 1, '登录', 'admin用户登录成功', '2018-01-10 20:36:52'),
	(4609, 1, '注销', 'admin进行用户注销操作', '2018-01-10 20:36:55'),
	(4610, 1, '登录', '进行用户登录操作', '2018-01-10 20:39:15'),
	(4611, 1, '登录', '进行用户登录操作', '2018-01-10 20:39:34'),
	(4612, 16, '登录', '小白13用户登录成功', '2018-01-10 20:39:34'),
	(4613, 16, '修改', '修改密码小白13', '2018-01-10 20:39:56'),
	(4614, 1, '登录', '进行用户登录操作', '2018-01-11 08:35:47'),
	(4615, 1, '登录', 'admin用户登录成功', '2018-01-11 08:35:51'),
	(4616, 1, '删除', '删除支点34', '2018-01-11 08:40:17'),
	(4617, 1, '删除', '删除支点33', '2018-01-11 08:40:20'),
	(4618, 1, '登录', '进行用户登录操作', '2018-01-11 08:55:06'),
	(4619, 6, '登录', '小白3用户登录成功', '2018-01-11 08:55:06'),
	(4620, 1, '登录', '进行用户登录操作', '2018-01-11 09:11:58'),
	(4621, 1, '登录', '进行用户登录操作', '2018-01-11 09:12:10'),
	(4622, 1, '登录', 'admin用户登录成功', '2018-01-11 09:12:10'),
	(4623, 1, '登录', '进行用户登录操作', '2018-01-11 09:24:34'),
	(4624, 1, '登录', 'admin用户登录成功', '2018-01-11 09:24:34'),
	(4625, 1, '登录', '进行用户登录操作', '2018-01-11 09:34:30'),
	(4626, 10, '登录', '刘二凯用户登录成功', '2018-01-11 09:34:31'),
	(4627, 1, '登录', '进行用户登录操作', '2018-01-11 09:35:23'),
	(4628, 2, '登录', 'bk用户登录成功', '2018-01-11 09:35:23'),
	(4629, 1, '注销', 'admin进行用户注销操作', '2018-01-11 09:35:28'),
	(4630, 1, '注销', '小白3进行用户注销操作', '2018-01-11 09:35:36'),
	(4631, 1, '登录', '进行用户登录操作', '2018-01-11 09:36:38'),
	(4632, 1, '登录', 'admin用户登录成功', '2018-01-11 09:36:38'),
	(4633, 1, '登录', '进行用户登录操作', '2018-01-11 09:37:00'),
	(4634, 6, '登录', '小白3用户登录成功', '2018-01-11 09:37:00'),
	(4635, 1, '注销', 'admin进行用户注销操作', '2018-01-11 09:37:20'),
	(4636, 1, '注销', '小白3进行用户注销操作', '2018-01-11 09:37:28'),
	(4637, 1, '登录', '进行用户登录操作', '2018-01-11 09:38:02'),
	(4638, 1, '登录', 'admin用户登录成功', '2018-01-11 09:38:02'),
	(4639, 1, '登录', '进行用户登录操作', '2018-01-11 09:38:18'),
	(4640, 6, '登录', '小白3用户登录成功', '2018-01-11 09:38:19'),
	(4641, 1, '注销', '小白3进行用户注销操作', '2018-01-11 09:38:35'),
	(4642, 1, '登录', '进行用户登录操作', '2018-01-11 09:39:49'),
	(4643, 6, '登录', '小白3用户登录成功', '2018-01-11 09:39:49'),
	(4644, 1, '注销', 'admin进行用户注销操作', '2018-01-11 09:40:00'),
	(4645, 1, '登录', '进行用户登录操作', '2018-01-11 09:40:46'),
	(4646, 6, '登录', '小白3用户登录成功', '2018-01-11 09:40:46'),
	(4647, 1, '注销', '小白3进行用户注销操作', '2018-01-11 09:40:49'),
	(4648, 1, '登录', '进行用户登录操作', '2018-01-11 09:40:56'),
	(4649, 1, '登录', 'admin用户登录成功', '2018-01-11 09:40:56'),
	(4650, 1, '注销', '小白3进行用户注销操作', '2018-01-11 09:41:47'),
	(4651, 1, '登录', '进行用户登录操作', '2018-01-11 09:47:27'),
	(4652, 6, '登录', '小白3用户登录成功', '2018-01-11 09:47:27'),
	(4653, 1, '注销', '小白3进行用户注销操作', '2018-01-11 09:47:45'),
	(4654, 2, '修改', '已缴费88', '2018-01-11 10:05:21'),
	(4655, 2, '修改', '已缴费88', '2018-01-11 10:05:24'),
	(4656, 2, '修改', '已缴费88', '2018-01-11 10:05:24'),
	(4657, 2, '修改', '已缴费88', '2018-01-11 10:05:25'),
	(4658, 2, '修改', '已缴费88', '2018-01-11 10:05:25'),
	(4659, 2, '修改', '已缴费89', '2018-01-11 10:05:29'),
	(4660, 2, '修改', '已缴费88', '2018-01-11 10:05:21'),
	(4661, 2, '修改', '已缴费88', '2018-01-11 10:05:24'),
	(4662, 2, '修改', '已缴费88', '2018-01-11 10:05:21'),
	(4663, 2, '修改', '已缴费88', '2018-01-11 10:05:24'),
	(4664, 2, '修改', '已缴费88', '2018-01-11 10:05:25'),
	(4665, 2, '修改', '已缴费88', '2018-01-11 10:05:25'),
	(4666, 2, '修改', '已缴费88', '2018-01-11 10:05:25'),
	(4667, 2, '修改', '已缴费88', '2018-01-11 10:05:25'),
	(4668, 2, '修改', '已缴费89', '2018-01-11 10:05:29'),
	(4669, 2, '修改', '已缴费89', '2018-01-11 10:05:29'),
	(4670, 1, '登录', '进行用户登录操作', '2018-01-11 10:08:52'),
	(4671, 1, '登录', 'admin用户登录成功', '2018-01-11 10:09:01'),
	(4672, 1, '登录', '进行用户登录操作', '2018-01-11 10:11:15'),
	(4673, 1, '登录', '进行用户登录操作', '2018-01-11 10:11:21'),
	(4674, 1, '登录', 'admin用户登录成功', '2018-01-11 10:11:21'),
	(4675, 1, '修改', '修改密码admin', '2018-01-11 10:11:45'),
	(4676, 1, '登录', '进行用户登录操作', '2018-01-11 10:12:10'),
	(4677, 1, '登录', 'admin用户登录成功', '2018-01-11 10:12:10'),
	(4678, 1, '修改', '修改密码admin', '2018-01-11 10:12:30'),
	(4679, 1, '登录', '进行用户登录操作', '2018-01-11 10:16:21'),
	(4680, 1, '登录', 'admin用户登录成功', '2018-01-11 10:17:12'),
	(4681, 1, '修改', '修改密码admin', '2018-01-11 10:17:34'),
	(4682, 1, '登录', '进行用户登录操作', '2018-01-11 10:17:47'),
	(4683, 1, '登录', 'admin用户登录成功', '2018-01-11 10:17:47'),
	(4684, 1, '登录', '进行用户登录操作', '2018-01-11 10:34:28'),
	(4685, 1, '登录', 'admin用户登录成功', '2018-01-11 10:34:28'),
	(4686, 1, '修改', '修改密码admin', '2018-01-11 10:45:19'),
	(4687, 1, '登录', '进行用户登录操作', '2018-01-11 10:45:27'),
	(4688, 1, '登录', 'admin用户登录成功', '2018-01-11 10:45:27'),
	(4689, 1, '修改', '修改密码admin', '2018-01-11 10:45:56'),
	(4690, 1, '登录', '进行用户登录操作', '2018-01-11 10:46:01'),
	(4691, 1, '登录', 'admin用户登录成功', '2018-01-11 10:46:01'),
	(4692, 1, '登录', '进行用户登录操作', '2018-01-11 10:47:20'),
	(4693, 1, '登录', 'admin用户登录成功', '2018-01-11 10:47:20'),
	(4694, 1, '注销', 'admin进行用户注销操作', '2018-01-11 10:48:28'),
	(4695, 1, '登录', '进行用户登录操作', '2018-01-11 10:48:38'),
	(4696, 1, '登录', 'admin用户登录成功', '2018-01-11 10:48:38'),
	(4697, 1, '登录', '进行用户登录操作', '2018-01-11 10:48:57'),
	(4698, 6, '登录', '小白3用户登录成功', '2018-01-11 10:48:57'),
	(4699, 1, '登录', '进行用户登录操作', '2018-01-11 10:53:47'),
	(4700, 1, '登录', 'admin用户登录成功', '2018-01-11 10:53:47'),
	(4701, 1, '删除', '删除角色31', '2018-01-11 10:54:53'),
	(4702, 1, '删除', '删除10个角色[11, 12, 13, 19, 22, 23, 24, 25, 26, 27]', '2018-01-11 10:55:11'),
	(4703, 1, '删除', '删除角色10', '2018-01-11 10:55:36'),
	(4704, 1, '登录', '进行用户登录操作', '2018-01-11 10:56:27'),
	(4705, 1, '登录', 'admin用户登录成功', '2018-01-11 10:56:27'),
	(4706, 1, '登录', '进行用户登录操作', '2018-01-11 10:58:37'),
	(4707, 1, '登录', 'admin用户登录成功', '2018-01-11 10:58:38'),
	(4708, 1, '登录', '进行用户登录操作', '2018-01-11 10:58:39'),
	(4709, 1, '登录', 'admin用户登录成功', '2018-01-11 10:58:49'),
	(4710, 1, '登录', '进行用户登录操作', '2018-01-11 10:59:01'),
	(4711, 1, '登录', 'admin用户登录成功', '2018-01-11 10:59:01'),
	(4712, 1, '注销', 'admin进行用户注销操作', '2018-01-11 10:59:07'),
	(4713, 1, '登录', '进行用户登录操作', '2018-01-11 10:59:17'),
	(4714, 6, '登录', '小白3用户登录成功', '2018-01-11 10:59:17'),
	(4715, 1, '登录', '进行用户登录操作', '2018-01-11 11:06:20'),
	(4716, 6, '登录', '小白3用户登录成功', '2018-01-11 11:06:20'),
	(4717, 1, '注销', '小白3进行用户注销操作', '2018-01-11 11:06:39'),
	(4718, 1, '登录', '进行用户登录操作', '2018-01-11 11:06:53'),
	(4719, 6, '登录', '小白3用户登录成功', '2018-01-11 11:06:53'),
	(4720, 1, '登录', '进行用户登录操作', '2018-01-11 11:08:45'),
	(4721, 6, '登录', '小白3用户登录成功', '2018-01-11 11:08:46'),
	(4722, 1, '登录', '进行用户登录操作', '2018-01-11 11:08:53'),
	(4723, 6, '登录', '小白3用户登录成功', '2018-01-11 11:08:53'),
	(4724, 1, '登录', '进行用户登录操作', '2018-01-11 11:09:17'),
	(4725, 6, '登录', '小白3用户登录成功', '2018-01-11 11:09:17'),
	(4726, 1, '登录', '进行用户登录操作', '2018-01-11 11:09:28'),
	(4727, 6, '登录', '小白3用户登录成功', '2018-01-11 11:09:28'),
	(4728, 1, '注销', '小白3进行用户注销操作', '2018-01-11 11:09:40'),
	(4729, 1, '登录', '进行用户登录操作', '2018-01-11 11:09:52'),
	(4730, 6, '登录', '小白3用户登录成功', '2018-01-11 11:09:52'),
	(4731, 1, '登录', '进行用户登录操作', '2018-01-11 11:09:57'),
	(4732, 1, '登录', 'admin用户登录成功', '2018-01-11 11:10:01'),
	(4733, 1, '注销', '小白3进行用户注销操作', '2018-01-11 11:10:26'),
	(4734, 1, '登录', '进行用户登录操作', '2018-01-11 11:11:00'),
	(4735, 6, '登录', '小白3用户登录成功', '2018-01-11 11:11:00'),
	(4736, 1, '注销', '小白3进行用户注销操作', '2018-01-11 11:11:04'),
	(4737, 1, '登录', '进行用户登录操作', '2018-01-11 11:11:10'),
	(4738, 6, '登录', '小白3用户登录成功', '2018-01-11 11:11:10'),
	(4739, 1, '登录', '进行用户登录操作', '2018-01-11 11:15:58'),
	(4740, 1, '登录', '进行用户登录操作', '2018-01-11 11:16:02'),
	(4741, 2, '登录', 'bk用户登录成功', '2018-01-11 11:16:02'),
	(4742, 1, '登录', '进行用户登录操作', '2018-01-11 11:16:54'),
	(4743, 1, '登录', '进行用户登录操作', '2018-01-11 11:17:01'),
	(4744, 1, '登录', 'admin用户登录成功', '2018-01-11 11:17:01'),
	(4745, 1, '登录', '进行用户登录操作', '2018-01-11 11:17:14'),
	(4746, 1, '登录', 'admin用户登录成功', '2018-01-11 11:17:14'),
	(4747, 1, '注销', 'admin进行用户注销操作', '2018-01-11 11:17:18'),
	(4748, 1, '登录', '进行用户登录操作', '2018-01-11 11:17:23'),
	(4749, 1, '登录', 'admin用户登录成功', '2018-01-11 11:17:23'),
	(4750, 1, '注销', 'admin进行用户注销操作', '2018-01-11 11:17:25'),
	(4751, 1, '登录', '进行用户登录操作', '2018-01-11 11:18:07'),
	(4752, 1, '登录', 'admin用户登录成功', '2018-01-11 11:18:07'),
	(4753, 1, '注销', 'admin进行用户注销操作', '2018-01-11 11:18:09'),
	(4754, 1, '登录', '进行用户登录操作', '2018-01-11 11:18:31'),
	(4755, 1, '登录', 'admin用户登录成功', '2018-01-11 11:18:31'),
	(4756, 1, '登录', '进行用户登录操作', '2018-01-11 11:20:37'),
	(4757, 1, '登录', '进行用户登录操作', '2018-01-11 11:20:43'),
	(4758, 1, '登录', 'admin用户登录成功', '2018-01-11 11:20:43'),
	(4759, 1, '登录', '进行用户登录操作', '2018-01-11 11:20:48'),
	(4760, 1, '登录', 'admin用户登录成功', '2018-01-11 11:20:48'),
	(4761, 1, '注销', 'admin进行用户注销操作', '2018-01-11 11:20:52'),
	(4762, 1, '登录', '进行用户登录操作', '2018-01-11 11:21:09'),
	(4763, 1, '登录', 'admin用户登录成功', '2018-01-11 11:21:09'),
	(4764, 1, '注销', 'admin进行用户注销操作', '2018-01-11 11:21:32'),
	(4765, 1, '登录', '进行用户登录操作', '2018-01-11 11:22:57'),
	(4766, 1, '登录', 'admin用户登录成功', '2018-01-11 11:22:57'),
	(4767, 1, '登录', '进行用户登录操作', '2018-01-11 11:23:08'),
	(4768, 1, '登录', 'admin用户登录成功', '2018-01-11 11:23:08'),
	(4769, 1, '注销', 'admin进行用户注销操作', '2018-01-11 11:23:12'),
	(4770, 1, '登录', '进行用户登录操作', '2018-01-11 11:23:24'),
	(4771, 1, '登录', 'admin用户登录成功', '2018-01-11 11:23:24'),
	(4772, 1, '注销', 'admin进行用户注销操作', '2018-01-11 11:23:27'),
	(4773, 1, '登录', '进行用户登录操作', '2018-01-11 11:23:46'),
	(4774, 1, '登录', 'admin用户登录成功', '2018-01-11 11:23:46'),
	(4775, 1, '注销', 'admin进行用户注销操作', '2018-01-11 11:23:52'),
	(4776, 1, '登录', '进行用户登录操作', '2018-01-11 11:24:04'),
	(4777, 1, '登录', 'admin用户登录成功', '2018-01-11 11:24:04'),
	(4778, 1, '注销', 'admin进行用户注销操作', '2018-01-11 11:24:07'),
	(4779, 1, '登录', '进行用户登录操作', '2018-01-11 11:24:13'),
	(4780, 1, '登录', 'admin用户登录成功', '2018-01-11 11:24:14'),
	(4781, 1, '登录', '进行用户登录操作', '2018-01-11 11:25:01'),
	(4782, 1, '登录', 'admin用户登录成功', '2018-01-11 11:25:02'),
	(4783, 1, '登录', '进行用户登录操作', '2018-01-11 11:25:40'),
	(4784, 1, '登录', 'admin用户登录成功', '2018-01-11 11:25:40'),
	(4785, 1, '注销', 'admin进行用户注销操作', '2018-01-11 11:25:44'),
	(4786, 1, '登录', '进行用户登录操作', '2018-01-11 11:25:51'),
	(4787, 1, '登录', 'admin用户登录成功', '2018-01-11 11:25:52'),
	(4788, 1, '登录', '进行用户登录操作', '2018-01-11 11:28:05'),
	(4789, 1, '登录', 'admin用户登录成功', '2018-01-11 11:28:05'),
	(4790, 1, '登录', '进行用户登录操作', '2018-01-11 11:28:11'),
	(4791, 1, '登录', 'admin用户登录成功', '2018-01-11 11:28:11'),
	(4792, 1, '注销', 'admin进行用户注销操作', '2018-01-11 11:28:13'),
	(4793, 1, '登录', '进行用户登录操作', '2018-01-11 11:28:38'),
	(4794, 1, '登录', 'admin用户登录成功', '2018-01-11 11:28:38'),
	(4795, 1, '注销', 'admin进行用户注销操作', '2018-01-11 11:28:41'),
	(4796, 1, '登录', '进行用户登录操作', '2018-01-11 11:28:48'),
	(4797, 1, '登录', 'admin用户登录成功', '2018-01-11 11:28:48'),
	(4798, 1, '登录', '进行用户登录操作', '2018-01-11 11:29:04'),
	(4799, 1, '登录', 'admin用户登录成功', '2018-01-11 11:29:04'),
	(4800, 1, '登录', '进行用户登录操作', '2018-01-11 11:29:19'),
	(4801, 1, '登录', 'admin用户登录成功', '2018-01-11 11:29:19'),
	(4802, 1, '登录', '进行用户登录操作', '2018-01-11 11:29:25'),
	(4803, 1, '登录', 'admin用户登录成功', '2018-01-11 11:29:25'),
	(4804, 1, '注销', 'admin进行用户注销操作', '2018-01-11 11:29:27'),
	(4805, 1, '登录', '进行用户登录操作', '2018-01-11 11:30:00'),
	(4806, 1, '登录', 'admin用户登录成功', '2018-01-11 11:30:00'),
	(4807, 1, '注销', 'admin进行用户注销操作', '2018-01-11 11:30:02'),
	(4808, 1, '登录', '进行用户登录操作', '2018-01-11 11:30:14'),
	(4809, 1, '登录', 'admin用户登录成功', '2018-01-11 11:30:15'),
	(4810, 1, '注销', 'admin进行用户注销操作', '2018-01-11 11:30:16'),
	(4811, 1, '登录', '进行用户登录操作', '2018-01-11 11:30:25'),
	(4812, 1, '登录', 'admin用户登录成功', '2018-01-11 11:30:25'),
	(4813, 1, '注销', 'admin进行用户注销操作', '2018-01-11 11:30:27'),
	(4814, 1, '登录', '进行用户登录操作', '2018-01-11 11:30:36'),
	(4815, 1, '登录', 'admin用户登录成功', '2018-01-11 11:30:36'),
	(4816, 1, '注销', 'admin进行用户注销操作', '2018-01-11 11:30:39'),
	(4817, 1, '登录', '进行用户登录操作', '2018-01-11 11:30:47'),
	(4818, 1, '登录', 'admin用户登录成功', '2018-01-11 11:30:47'),
	(4819, 1, '注销', 'admin进行用户注销操作', '2018-01-11 11:30:49'),
	(4820, 1, '登录', '进行用户登录操作', '2018-01-11 11:32:24'),
	(4821, 1, '登录', 'admin用户登录成功', '2018-01-11 11:32:24'),
	(4822, 1, '登录', '进行用户登录操作', '2018-01-11 11:32:31'),
	(4823, 6, '登录', '小白3用户登录成功', '2018-01-11 11:32:31'),
	(4824, 1, '注销', 'admin进行用户注销操作', '2018-01-11 11:32:43'),
	(4825, 1, '登录', '进行用户登录操作', '2018-01-11 11:34:00'),
	(4826, 6, '登录', '小白3用户登录成功', '2018-01-11 11:34:00'),
	(4827, 1, '注销', '小白3进行用户注销操作', '2018-01-11 11:34:02'),
	(4828, 1, '登录', '进行用户登录操作', '2018-01-11 11:34:20'),
	(4829, 6, '登录', '小白3用户登录成功', '2018-01-11 11:34:20'),
	(4830, 1, '注销', '小白3进行用户注销操作', '2018-01-11 11:35:16'),
	(4831, 1, '登录', '进行用户登录操作', '2018-01-11 11:36:28'),
	(4832, 1, '登录', 'admin用户登录成功', '2018-01-11 11:36:28'),
	(4833, 1, '登录', '进行用户登录操作', '2018-01-11 11:36:57'),
	(4834, 6, '登录', '小白3用户登录成功', '2018-01-11 11:36:57'),
	(4835, 1, '注销', '小白3进行用户注销操作', '2018-01-11 11:37:00'),
	(4836, 1, '登录', '进行用户登录操作', '2018-01-11 11:37:16'),
	(4837, 1, '登录', 'admin用户登录成功', '2018-01-11 11:37:16'),
	(4838, 1, '登录', '进行用户登录操作', '2018-01-11 11:37:38'),
	(4839, 6, '登录', '小白3用户登录成功', '2018-01-11 11:37:39'),
	(4840, 1, '注销', '小白3进行用户注销操作', '2018-01-11 11:37:41'),
	(4841, 1, '登录', '进行用户登录操作', '2018-01-11 11:38:00'),
	(4842, 1, '登录', 'admin用户登录成功', '2018-01-11 11:38:00'),
	(4843, 1, '登录', '进行用户登录操作', '2018-01-11 11:38:10'),
	(4844, 1, '登录', 'admin用户登录成功', '2018-01-11 11:38:10'),
	(4845, 1, '登录', '进行用户登录操作', '2018-01-11 11:38:19'),
	(4846, 6, '登录', '小白3用户登录成功', '2018-01-11 11:38:19'),
	(4847, 1, '登录', '进行用户登录操作', '2018-01-11 11:40:19'),
	(4848, 1, '登录', 'admin用户登录成功', '2018-01-11 11:40:19'),
	(4849, 1, '登录', '进行用户登录操作', '2018-01-11 11:40:28'),
	(4850, 1, '登录', 'admin用户登录成功', '2018-01-11 11:40:28'),
	(4851, 1, '注销', 'admin进行用户注销操作', '2018-01-11 11:40:31'),
	(4852, 1, '登录', '进行用户登录操作', '2018-01-11 11:40:36'),
	(4853, 1, '登录', 'admin用户登录成功', '2018-01-11 11:40:36'),
	(4854, 1, '注销', 'admin进行用户注销操作', '2018-01-11 11:40:37'),
	(4855, 1, '登录', '进行用户登录操作', '2018-01-11 11:40:58'),
	(4856, 1, '登录', 'admin用户登录成功', '2018-01-11 11:40:58'),
	(4857, 1, '注销', 'admin进行用户注销操作', '2018-01-11 11:41:00'),
	(4858, 1, '登录', '进行用户登录操作', '2018-01-11 11:41:06'),
	(4859, 1, '登录', 'admin用户登录成功', '2018-01-11 11:41:06'),
	(4860, 1, '注销', 'admin进行用户注销操作', '2018-01-11 11:41:08'),
	(4861, 1, '登录', '进行用户登录操作', '2018-01-11 11:41:14'),
	(4862, 6, '登录', '小白3用户登录成功', '2018-01-11 11:41:14'),
	(4863, 1, '注销', '小白3进行用户注销操作', '2018-01-11 11:41:28'),
	(4864, 1, '登录', '进行用户登录操作', '2018-01-11 11:41:52'),
	(4865, 1, '登录', 'admin用户登录成功', '2018-01-11 11:41:52'),
	(4866, 1, '注销', 'admin进行用户注销操作', '2018-01-11 11:41:56'),
	(4867, 1, '登录', '进行用户登录操作', '2018-01-11 11:42:10'),
	(4868, 1, '登录', 'admin用户登录成功', '2018-01-11 11:42:10'),
	(4869, 1, '登录', '进行用户登录操作', '2018-01-11 11:42:22'),
	(4870, 1, '登录', 'admin用户登录成功', '2018-01-11 11:42:22'),
	(4871, 1, '登录', '进行用户登录操作', '2018-01-11 11:42:57'),
	(4872, 1, '登录', 'admin用户登录成功', '2018-01-11 11:42:57'),
	(4873, 1, '登录', '进行用户登录操作', '2018-01-11 11:43:03'),
	(4874, 1, '登录', 'admin用户登录成功', '2018-01-11 11:43:03'),
	(4875, 1, '注销', 'admin进行用户注销操作', '2018-01-11 11:43:04'),
	(4876, 1, '登录', '进行用户登录操作', '2018-01-11 11:43:13'),
	(4877, 1, '登录', 'admin用户登录成功', '2018-01-11 11:43:13'),
	(4878, 1, '注销', 'admin进行用户注销操作', '2018-01-11 11:43:16'),
	(4879, 1, '登录', '进行用户登录操作', '2018-01-11 12:00:26'),
	(4880, 1, '登录', 'admin用户登录成功', '2018-01-11 12:00:26'),
	(4881, 1, '登录', '进行用户登录操作', '2018-01-11 12:05:05'),
	(4882, 1, '登录', 'admin用户登录成功', '2018-01-11 12:05:07'),
	(4883, 1, '登录', '进行用户登录操作', '2018-01-11 12:05:29'),
	(4884, 1, '登录', 'admin用户登录成功', '2018-01-11 12:05:30'),
	(4885, 1, '登录', '进行用户登录操作', '2018-01-11 12:06:03'),
	(4886, 1, '登录', 'admin用户登录成功', '2018-01-11 12:06:04'),
	(4887, 1, '登录', '进行用户登录操作', '2018-01-11 12:06:38'),
	(4888, 1, '登录', 'admin用户登录成功', '2018-01-11 12:06:38'),
	(4889, 1, '登录', '进行用户登录操作', '2018-01-11 12:07:47'),
	(4890, 1, '登录', 'admin用户登录成功', '2018-01-11 12:07:48'),
	(4891, 1, '登录', '进行用户登录操作', '2018-01-11 12:08:27'),
	(4892, 1, '登录', 'admin用户登录成功', '2018-01-11 12:08:27'),
	(4893, 1, '登录', '进行用户登录操作', '2018-01-11 12:09:45'),
	(4894, 1, '登录', 'admin用户登录成功', '2018-01-11 12:09:46'),
	(4895, 1, '登录', '进行用户登录操作', '2018-01-11 12:11:07'),
	(4896, 1, '登录', 'admin用户登录成功', '2018-01-11 12:11:08'),
	(4897, 1, '登录', '进行用户登录操作', '2018-01-11 12:11:21'),
	(4898, 1, '登录', 'admin用户登录成功', '2018-01-11 12:11:21'),
	(4899, 1, '注销', 'admin进行用户注销操作', '2018-01-11 12:11:23'),
	(4900, 1, '登录', '进行用户登录操作', '2018-01-11 13:54:11'),
	(4901, 1, '登录', 'admin用户登录成功', '2018-01-11 13:54:12'),
	(4902, 1, '登录', '进行用户登录操作', '2018-01-11 13:54:47'),
	(4903, 1, '登录', 'admin用户登录成功', '2018-01-11 13:54:47'),
	(4904, 1, '注销', 'admin进行用户注销操作', '2018-01-11 13:54:53'),
	(4905, 1, '登录', '进行用户登录操作', '2018-01-11 13:55:14'),
	(4906, 1, '登录', 'admin用户登录成功', '2018-01-11 13:55:14'),
	(4907, 1, '注销', 'admin进行用户注销操作', '2018-01-11 13:55:18'),
	(4908, 1, '登录', '进行用户登录操作', '2018-01-11 13:55:42'),
	(4909, 1, '登录', 'admin用户登录成功', '2018-01-11 13:55:43'),
	(4910, 1, '注销', 'admin进行用户注销操作', '2018-01-11 13:55:45'),
	(4911, 1, '登录', '进行用户登录操作', '2018-01-11 13:55:53'),
	(4912, 6, '登录', '小白3用户登录成功', '2018-01-11 13:55:53'),
	(4913, 1, '注销', '小白3进行用户注销操作', '2018-01-11 13:56:07'),
	(4914, 1, '登录', '进行用户登录操作', '2018-01-11 13:56:42'),
	(4915, 6, '登录', '小白3用户登录成功', '2018-01-11 13:56:42'),
	(4916, 1, '注销', '小白3进行用户注销操作', '2018-01-11 13:59:23'),
	(4917, 1, '登录', '进行用户登录操作', '2018-01-11 14:00:08'),
	(4918, 1, '登录', 'admin用户登录成功', '2018-01-11 14:00:08'),
	(4919, 1, '修改', '进行车牌修改', '2018-01-11 14:04:37'),
	(4920, 1, '添加', '进行车辆的添加', '2018-01-11 14:12:38'),
	(4921, 1, '登录', '进行用户登录操作', '2018-01-11 14:15:50'),
	(4922, 2, '登录', 'bk用户登录成功', '2018-01-11 14:15:51'),
	(4923, 1, '登录', '进行用户登录操作', '2018-01-11 14:27:14'),
	(4924, 2, '登录', 'bk用户登录成功', '2018-01-11 14:27:14'),
	(4925, 1, '登录', '进行用户登录操作', '2018-01-11 14:36:56'),
	(4926, 1, '登录', 'admin用户登录成功', '2018-01-11 14:36:57'),
	(4927, 1, '登录', '进行用户登录操作', '2018-01-11 15:03:03'),
	(4928, 1, '登录', 'admin用户登录成功', '2018-01-11 15:03:07'),
	(4929, 1, '登录', '进行用户登录操作', '2018-01-11 15:09:28'),
	(4930, 1, '登录', 'admin用户登录成功', '2018-01-11 15:09:28'),
	(4931, 1, '登录', '进行用户登录操作', '2018-01-11 15:18:42'),
	(4932, 1, '登录', 'admin用户登录成功', '2018-01-11 15:18:42'),
	(4933, 1, '登录', '进行用户登录操作', '2018-01-11 16:00:34'),
	(4934, 2, '登录', 'bk用户登录成功', '2018-01-11 16:00:35'),
	(4935, 1, '登录', '进行用户登录操作', '2018-01-11 16:03:33'),
	(4936, 2, '登录', 'bk用户登录成功', '2018-01-11 16:03:34'),
	(4937, 1, '登录', '进行用户登录操作', '2018-01-11 16:04:15'),
	(4938, 2, '登录', 'bk用户登录成功', '2018-01-11 16:04:15'),
	(4939, 1, '登录', '进行用户登录操作', '2018-01-11 16:16:21'),
	(4940, 1, '登录', 'admin用户登录成功', '2018-01-11 16:16:27'),
	(4941, 1, '登录', '进行用户登录操作', '2018-01-11 16:17:02'),
	(4942, 1, '登录', 'admin用户登录成功', '2018-01-11 16:17:02'),
	(4943, 1, '登录', '进行用户登录操作', '2018-01-11 16:25:41'),
	(4944, 1, '登录', 'admin用户登录成功', '2018-01-11 16:25:41'),
	(4945, 1, '登录', '进行用户登录操作', '2018-01-11 16:26:48'),
	(4946, 1, '登录', '进行用户登录操作', '2018-01-11 16:26:54'),
	(4947, 2, '登录', 'bk用户登录成功', '2018-01-11 16:26:54'),
	(4948, 1, '登录', '进行用户登录操作', '2018-01-11 16:30:01'),
	(4949, 1, '登录', 'admin用户登录成功', '2018-01-11 16:30:02'),
	(4950, 1, '登录', '进行用户登录操作', '2018-01-11 16:35:07'),
	(4951, 1, '登录', 'admin用户登录成功', '2018-01-11 16:35:07'),
	(4952, 1, '登录', '进行用户登录操作', '2018-01-11 16:36:05'),
	(4953, 1, '登录', 'admin用户登录成功', '2018-01-11 16:36:05'),
	(4954, 1, '登录', '进行用户登录操作', '2018-01-11 16:36:57'),
	(4955, 1, '登录', 'admin用户登录成功', '2018-01-11 16:36:57'),
	(4956, 1, '登录', '进行用户登录操作', '2018-01-11 16:37:10'),
	(4957, 2, '登录', 'bk用户登录成功', '2018-01-11 16:37:10'),
	(4958, 1, '登录', '进行用户登录操作', '2018-01-11 16:38:22'),
	(4959, 1, '登录', 'admin用户登录成功', '2018-01-11 16:38:22'),
	(4960, 1, '登录', '进行用户登录操作', '2018-01-11 16:39:30'),
	(4961, 1, '登录', '进行用户登录操作', '2018-01-11 16:39:35'),
	(4962, 2, '登录', 'bk用户登录成功', '2018-01-11 16:39:35'),
	(4963, 1, '登录', '进行用户登录操作', '2018-01-11 16:42:33'),
	(4964, 1, '登录', 'admin用户登录成功', '2018-01-11 16:42:37'),
	(4965, 1, '登录', '进行用户登录操作', '2018-01-11 16:45:56'),
	(4966, 2, '登录', 'bk用户登录成功', '2018-01-11 16:45:57'),
	(4967, 1, '登录', '进行用户登录操作', '2018-01-11 16:51:38'),
	(4968, 1, '登录', '进行用户登录操作', '2018-01-11 16:51:45'),
	(4969, 1, '登录', 'admin用户登录成功', '2018-01-11 16:51:46'),
	(4970, 1, '登录', '进行用户登录操作', '2018-01-11 16:54:15'),
	(4971, 2, '登录', 'bk用户登录成功', '2018-01-11 16:54:15'),
	(4972, 1, '登录', '进行用户登录操作', '2018-01-11 16:59:27'),
	(4973, 2, '登录', 'bk用户登录成功', '2018-01-11 16:59:27'),
	(4974, 1, '登录', '进行用户登录操作', '2018-01-11 17:03:55'),
	(4975, 1, '登录', 'admin用户登录成功', '2018-01-11 17:03:55'),
	(4976, 1, '注销', 'admin进行用户注销操作', '2018-01-11 17:03:57'),
	(4977, 1, '登录', '进行用户登录操作', '2018-01-11 17:04:11'),
	(4978, 1, '登录', 'admin用户登录成功', '2018-01-11 17:04:11'),
	(4979, 1, '注销', 'admin进行用户注销操作', '2018-01-11 17:04:13'),
	(4980, 1, '登录', '进行用户登录操作', '2018-01-11 17:04:25'),
	(4981, 1, '登录', 'admin用户登录成功', '2018-01-11 17:04:25'),
	(4982, 1, '注销', 'admin进行用户注销操作', '2018-01-11 17:04:27'),
	(4983, 1, '登录', '进行用户登录操作', '2018-01-11 17:04:45'),
	(4984, 1, '登录', 'admin用户登录成功', '2018-01-11 17:04:45'),
	(4985, 1, '注销', 'admin进行用户注销操作', '2018-01-11 17:04:46'),
	(4986, 1, '登录', '进行用户登录操作', '2018-01-11 17:05:11'),
	(4987, 6, '登录', '小白3用户登录成功', '2018-01-11 17:05:11'),
	(4988, 1, '登录', '进行用户登录操作', '2018-01-11 17:06:11'),
	(4989, 1, '登录', 'admin用户登录成功', '2018-01-11 17:06:11'),
	(4990, 1, '注销', 'admin进行用户注销操作', '2018-01-11 17:06:13'),
	(4991, 1, '登录', '进行用户登录操作', '2018-01-11 17:07:23'),
	(4992, 1, '登录', 'admin用户登录成功', '2018-01-11 17:07:23'),
	(4993, 1, '登录', '进行用户登录操作', '2018-01-11 17:18:44'),
	(4994, 2, '登录', 'bk用户登录成功', '2018-01-11 17:18:44'),
	(4995, 1, '修改', '冻结账号51', '2018-01-11 17:21:15'),
	(4996, 1, '修改', '冻结账号50', '2018-01-11 17:21:17'),
	(4997, 1, '修改', '冻结账号49', '2018-01-11 17:21:20'),
	(4998, 1, '修改', '冻结账号47', '2018-01-11 17:21:22'),
	(4999, 1, '登录', '进行用户登录操作', '2018-01-11 17:23:41'),
	(5000, 2, '登录', 'bk用户登录成功', '2018-01-11 17:23:42'),
	(5001, 1, '登录', '进行用户登录操作', '2018-01-11 17:24:47'),
	(5002, 2, '登录', 'bk用户登录成功', '2018-01-11 17:24:47'),
	(5003, 1, '登录', '进行用户登录操作', '2018-01-11 17:26:50'),
	(5004, 2, '登录', 'bk用户登录成功', '2018-01-11 17:26:50'),
	(5005, 1, '登录', '进行用户登录操作', '2018-01-11 17:29:00'),
	(5006, 2, '登录', 'bk用户登录成功', '2018-01-11 17:29:01'),
	(5007, 1, '登录', '进行用户登录操作', '2018-01-11 17:31:37'),
	(5008, 2, '登录', 'bk用户登录成功', '2018-01-11 17:31:37'),
	(5009, 1, '登录', '进行用户登录操作', '2018-01-11 17:34:59'),
	(5010, 2, '登录', 'bk用户登录成功', '2018-01-11 17:34:59'),
	(5011, 1, '登录', '进行用户登录操作', '2018-01-11 17:36:45'),
	(5012, 1, '登录', '进行用户登录操作', '2018-01-11 17:36:51'),
	(5013, 2, '登录', 'bk用户登录成功', '2018-01-11 17:36:51'),
	(5014, 1, '登录', '进行用户登录操作', '2018-01-11 17:43:37'),
	(5015, 2, '登录', 'bk用户登录成功', '2018-01-11 17:43:37'),
	(5016, 1, '登录', '进行用户登录操作', '2018-01-11 17:55:11'),
	(5017, 2, '登录', 'bk用户登录成功', '2018-01-11 17:55:11'),
	(5018, 1, '登录', '进行用户登录操作', '2018-01-11 18:31:31'),
	(5019, 2, '登录', 'bk用户登录成功', '2018-01-11 18:31:31'),
	(5020, 1, '登录', '进行用户登录操作', '2018-01-11 18:36:38'),
	(5021, 2, '登录', 'bk用户登录成功', '2018-01-11 18:36:38'),
	(5022, 1, '登录', '进行用户登录操作', '2018-01-11 18:40:06'),
	(5023, 2, '登录', 'bk用户登录成功', '2018-01-11 18:40:06'),
	(5024, 1, '登录', '进行用户登录操作', '2018-01-11 18:42:43'),
	(5025, 2, '登录', 'bk用户登录成功', '2018-01-11 18:42:43'),
	(5026, 1, '登录', '进行用户登录操作', '2018-01-11 18:46:50'),
	(5027, 2, '登录', 'bk用户登录成功', '2018-01-11 18:46:51'),
	(5028, 1, '登录', '进行用户登录操作', '2018-01-11 18:49:55'),
	(5029, 1, '登录', 'admin用户登录成功', '2018-01-11 18:49:56'),
	(5030, 1, '登录', '进行用户登录操作', '2018-01-11 18:50:26'),
	(5031, 2, '登录', 'bk用户登录成功', '2018-01-11 18:50:26'),
	(5032, 1, '登录', '进行用户登录操作', '2018-01-11 18:52:10'),
	(5033, 2, '登录', 'bk用户登录成功', '2018-01-11 18:52:11'),
	(5034, 1, '登录', '进行用户登录操作', '2018-01-11 18:56:47'),
	(5035, 2, '登录', 'bk用户登录成功', '2018-01-11 18:56:47'),
	(5036, 1, '登录', '进行用户登录操作', '2018-01-11 19:05:08'),
	(5037, 2, '登录', 'bk用户登录成功', '2018-01-11 19:05:09'),
	(5038, 1, '登录', '进行用户登录操作', '2018-01-11 19:10:20'),
	(5039, 1, '登录', 'admin用户登录成功', '2018-01-11 19:10:20'),
	(5040, 1, '登录', '进行用户登录操作', '2018-01-11 19:37:28'),
	(5041, 2, '登录', 'bk用户登录成功', '2018-01-11 19:37:28'),
	(5042, 1, '登录', '进行用户登录操作', '2018-01-11 19:43:02'),
	(5043, 2, '登录', 'bk用户登录成功', '2018-01-11 19:43:02'),
	(5044, 1, '登录', '进行用户登录操作', '2018-01-11 19:45:10'),
	(5045, 2, '登录', 'bk用户登录成功', '2018-01-11 19:45:11'),
	(5046, 1, '登录', '进行用户登录操作', '2018-01-11 19:48:14'),
	(5047, 2, '登录', 'bk用户登录成功', '2018-01-11 19:48:14'),
	(5048, 2, '添加', '新增账号0', '2018-01-11 19:49:33'),
	(5049, 1, '登录', '进行用户登录操作', '2018-01-11 19:54:45'),
	(5050, 2, '登录', 'bk用户登录成功', '2018-01-11 19:54:46'),
	(5051, 2, '修改', '修改账号57', '2018-01-11 19:56:09'),
	(5052, 1, '登录', '进行用户登录操作', '2018-01-11 20:12:18'),
	(5053, 1, '登录', 'admin用户登录成功', '2018-01-11 20:12:18'),
	(5054, 1, '登录', '进行用户登录操作', '2018-01-11 20:22:21'),
	(5055, 1, '登录', 'admin用户登录成功', '2018-01-11 20:22:22'),
	(5056, 1, '登录', '进行用户登录操作', '2018-01-11 20:27:22'),
	(5057, 1, '登录', 'admin用户登录成功', '2018-01-11 20:27:22'),
	(5058, 1, '登录', '进行用户登录操作', '2018-01-11 20:28:29'),
	(5059, 1, '登录', 'admin用户登录成功', '2018-01-11 20:28:30'),
	(5060, 1, '注销', 'admin进行用户注销操作', '2018-01-11 20:28:32'),
	(5061, 1, '登录', '进行用户登录操作', '2018-01-11 20:28:49'),
	(5062, 1, '登录', 'admin用户登录成功', '2018-01-11 20:28:49'),
	(5063, 1, '注销', 'admin进行用户注销操作', '2018-01-11 20:28:50'),
	(5064, 1, '登录', '进行用户登录操作', '2018-01-11 20:29:05'),
	(5065, 6, '登录', '小白3用户登录成功', '2018-01-11 20:29:05'),
	(5066, 1, '注销', '小白3进行用户注销操作', '2018-01-11 20:29:13'),
	(5067, 1, '登录', '进行用户登录操作', '2018-01-11 20:42:48'),
	(5068, 1, '登录', 'admin用户登录成功', '2018-01-11 20:42:48'),
	(5069, 1, '登录', '进行用户登录操作', '2018-01-11 20:54:00'),
	(5070, 1, '登录', 'admin用户登录成功', '2018-01-11 20:54:00'),
	(5071, 2, '添加', '新增角色0', '2018-01-11 21:08:25'),
	(5072, 2, '添加', '新增角色0', '2018-01-11 21:09:33'),
	(5073, 2, '添加', '新增角色0', '2018-01-11 21:09:34'),
	(5074, 2, '添加', '新增角色0', '2018-01-11 21:10:32'),
	(5075, 2, '添加', '新增角色0', '2018-01-11 21:10:32'),
	(5076, 1, '登录', '进行用户登录操作', '2018-01-11 21:22:46'),
	(5077, 2, '登录', 'bk用户登录成功', '2018-01-11 21:22:46'),
	(5078, 2, '添加', '新增角色0', '2018-01-11 21:23:07'),
	(5079, 2, '添加', '新增角色0', '2018-01-11 21:26:28'),
	(5080, 1, '登录', '进行用户登录操作', '2018-01-11 21:26:36'),
	(5081, 2, '登录', 'BK用户登录成功', '2018-01-11 21:26:37'),
	(5082, 2, '添加', '新增角色0', '2018-01-11 21:27:17'),
	(5083, 1, '登录', '进行用户登录操作', '2018-01-12 08:54:07'),
	(5084, 2, '登录', 'bk用户登录成功', '2018-01-12 08:54:08'),
	(5085, 2, '添加', '新增角色0', '2018-01-12 08:56:40'),
	(5086, 1, '登录', '进行用户登录操作', '2018-01-12 08:59:28'),
	(5087, 10, '登录', '刘二凯用户登录成功', '2018-01-12 08:59:29'),
	(5088, 1, '登录', '进行用户登录操作', '2018-01-12 09:04:26'),
	(5089, 2, '登录', 'bk用户登录成功', '2018-01-12 09:04:27'),
	(5090, 2, '添加', '新增角色0', '2018-01-12 09:06:10'),
	(5091, 1, '登录', '进行用户登录操作', '2018-01-12 09:07:08'),
	(5092, 1, '登录', 'admin用户登录成功', '2018-01-12 09:07:11'),
	(5093, 1, '登录', '进行用户登录操作', '2018-01-12 09:13:12'),
	(5094, 2, '登录', 'bk用户登录成功', '2018-01-12 09:13:13'),
	(5095, 2, '删除', '删除10个角色[19, 18, 17, 16, 15, 14, 13, 12, 11, 10]', '2018-01-12 09:13:56'),
	(5096, 2, '添加', '新增角色0', '2018-01-12 09:14:26'),
	(5097, 2, '删除', '删除角色20', '2018-01-12 09:21:05'),
	(5098, 1, '登录', '进行用户登录操作', '2018-01-12 09:29:29'),
	(5099, 2, '登录', 'bk用户登录成功', '2018-01-12 09:29:30'),
	(5100, 2, '修改', '修改角色9', '2018-01-12 09:32:02'),
	(5101, 1, '登录', '进行用户登录操作', '2018-01-12 09:41:42'),
	(5102, 1, '登录', 'admin用户登录成功', '2018-01-12 09:41:43'),
	(5103, 1, '登录', '进行用户登录操作', '2018-01-12 09:42:36'),
	(5104, 2, '登录', 'bk用户登录成功', '2018-01-12 09:42:36'),
	(5105, 1, '登录', '进行用户登录操作', '2018-01-12 09:47:34'),
	(5106, 2, '登录', 'bk用户登录成功', '2018-01-12 09:47:34'),
	(5107, 2, '添加', '新增角色0', '2018-01-12 09:48:09'),
	(5108, 2, '添加', '新增角色0', '2018-01-12 09:48:13'),
	(5109, 2, '删除', '删除角色22', '2018-01-12 09:49:43'),
	(5110, 2, '添加', '新增角色0', '2018-01-12 09:50:18'),
	(5111, 2, '添加', '新增角色0', '2018-01-12 09:50:22'),
	(5112, 2, '添加', '新增角色0', '2018-01-12 09:54:30'),
	(5113, 2, '添加', '新增角色0', '2018-01-12 09:54:32'),
	(5114, 2, '删除', '删除角色24', '2018-01-12 09:55:03'),
	(5115, 1, '登录', '进行用户登录操作', '2018-01-12 09:56:32'),
	(5116, 2, '登录', 'bk用户登录成功', '2018-01-12 09:56:32'),
	(5117, 2, '添加', '新增角色fd', '2018-01-12 09:56:50'),
	(5118, 2, '添加', '新增角色fd', '2018-01-12 09:56:50'),
	(5119, 2, '添加', '新增角色nm', '2018-01-12 09:59:58'),
	(5120, 2, '添加', '新增角色s', '2018-01-12 10:01:42'),
	(5121, 2, '添加', '新增角色lh', '2018-01-12 10:03:12'),
	(5122, 2, '修改', '修改账号57', '2018-01-12 10:04:44'),
	(5123, 2, '添加', '新增角色ew', '2018-01-12 10:10:02'),
	(5124, 2, '删除', '删除角色31', '2018-01-12 10:10:14'),
	(5125, 1, '登录', '进行用户登录操作', '2018-01-12 10:11:06'),
	(5126, 1, '登录', 'admin用户登录成功', '2018-01-12 10:11:06'),
	(5127, 1, '登录', '进行用户登录操作', '2018-01-12 11:01:26'),
	(5128, 2, '登录', 'bk用户登录成功', '2018-01-12 11:01:27'),
	(5129, 1, '登录', '进行用户登录操作', '2018-01-12 11:04:26'),
	(5130, 2, '登录', 'bk用户登录成功', '2018-01-12 11:04:26'),
	(5131, 2, '修改', '修改角色32', '2018-01-12 11:04:43'),
	(5132, 1, '登录', '进行用户登录操作', '2018-01-12 11:08:55'),
	(5133, 2, '登录', 'bk用户登录成功', '2018-01-12 11:08:55'),
	(5134, 2, '修改', '修改角色32', '2018-01-12 11:09:21'),
	(5135, 2, '修改', '修改账号57', '2018-01-12 11:09:42'),
	(5136, 2, '修改', '修改账号50', '2018-01-12 11:09:49'),
	(5137, 2, '修改', '解冻账号57', '2018-01-12 11:16:30'),
	(5138, 2, '修改', '冻结账号57', '2018-01-12 11:16:33'),
	(5139, 1, '登录', '进行用户登录操作', '2018-01-12 11:36:07'),
	(5140, 10, '登录', '刘二凯用户登录成功', '2018-01-12 11:36:07'),
	(5141, 10, '修改', '修改账号36', '2018-01-12 11:44:35'),
	(5142, 1, '登录', '进行用户登录操作', '2018-01-12 14:16:20'),
	(5143, 1, '登录', 'admin用户登录成功', '2018-01-12 14:16:22'),
	(5144, 1, '登录', '进行用户登录操作', '2018-01-12 14:48:29'),
	(5145, 1, '登录', '进行用户登录操作', '2018-01-12 14:48:45'),
	(5146, 1, '登录', '进行用户登录操作', '2018-01-12 14:49:20'),
	(5147, 5, '登录', '小白2用户登录成功', '2018-01-12 14:49:20'),
	(5148, 1, '登录', '进行用户登录操作', '2018-01-12 16:50:41'),
	(5149, 2, '登录', 'bk用户登录成功', '2018-01-12 16:50:42'),
	(5150, 1, '登录', '进行用户登录操作', '2018-01-12 20:16:47'),
	(5151, 2, '登录', 'bk用户登录成功', '2018-01-12 20:16:47'),
	(5152, 1, '登录', '进行用户登录操作', '2018-01-12 20:17:27'),
	(5153, 2, '登录', 'bk用户登录成功', '2018-01-12 20:17:27'),
	(5154, 1, '登录', '进行用户登录操作', '2018-01-12 20:18:07'),
	(5155, 2, '登录', 'bk用户登录成功', '2018-01-12 20:18:07'),
	(5156, 1, '登录', '进行用户登录操作', '2018-01-12 20:19:37'),
	(5157, 2, '登录', 'bk用户登录成功', '2018-01-12 20:19:37'),
	(5158, 1, '登录', '进行用户登录操作', '2018-01-12 20:20:47'),
	(5159, 2, '登录', 'bk用户登录成功', '2018-01-12 20:20:47'),
	(5160, 1, '登录', '进行用户登录操作', '2018-01-12 20:22:21'),
	(5161, 2, '登录', 'bk用户登录成功', '2018-01-12 20:22:22'),
	(5162, 1, '登录', '进行用户登录操作', '2018-01-12 20:24:03'),
	(5163, 2, '登录', 'bk用户登录成功', '2018-01-12 20:24:04'),
	(5164, 1, '登录', '进行用户登录操作', '2018-01-12 20:30:11'),
	(5165, 2, '登录', 'bk用户登录成功', '2018-01-12 20:30:12'),
	(5166, 1, '登录', '进行用户登录操作', '2018-01-12 20:35:53'),
	(5167, 2, '登录', 'bk用户登录成功', '2018-01-12 20:35:54'),
	(5168, 1, '登录', '进行用户登录操作', '2018-01-12 20:40:01'),
	(5169, 2, '登录', 'bk用户登录成功', '2018-01-12 20:40:01'),
	(5170, 2, '删除', '删除角色25', '2018-01-12 20:40:35'),
	(5171, 2, '修改', '修改账号57', '2018-01-12 20:41:42'),
	(5172, 2, '修改', '修改账号57', '2018-01-12 20:41:55'),
	(5173, 2, '修改', '修改账号57', '2018-01-12 20:42:13'),
	(5174, 1, '登录', '进行用户登录操作', '2018-01-12 20:44:11'),
	(5175, 1, '登录', 'admin用户登录成功', '2018-01-12 20:44:11'),
	(5176, 1, '注销', 'bk进行用户注销操作', '2018-01-12 20:44:23'),
	(5177, 1, '登录', '进行用户登录操作', '2018-01-12 20:44:51'),
	(5178, 1, '登录', 'admin用户登录成功', '2018-01-12 20:44:51'),
	(5179, 1, '注销', 'admin进行用户注销操作', '2018-01-12 20:44:55'),
	(5180, 1, '登录', '进行用户登录操作', '2018-01-13 09:27:36'),
	(5181, 2, '登录', 'bk用户登录成功', '2018-01-13 09:27:37'),
	(5182, 1, '登录', '进行用户登录操作', '2018-01-13 09:40:16'),
	(5183, 2, '登录', 'bk用户登录成功', '2018-01-13 09:40:16'),
	(5184, 2, '删除', '删除角色21', '2018-01-13 09:43:42'),
	(5185, 1, '登录', '进行用户登录操作', '2018-01-13 10:18:45'),
	(5186, 2, '登录', 'bk用户登录成功', '2018-01-13 10:18:46'),
	(5187, 1, '登录', '进行用户登录操作', '2018-01-13 10:30:01'),
	(5188, 2, '登录', 'bk用户登录成功', '2018-01-13 10:30:02'),
	(5189, 1, '登录', '进行用户登录操作', '2018-01-13 10:31:11'),
	(5190, 2, '登录', 'bk用户登录成功', '2018-01-13 10:31:12'),
	(5191, 1, '登录', '进行用户登录操作', '2018-01-13 10:32:15'),
	(5192, 2, '登录', 'bk用户登录成功', '2018-01-13 10:32:16'),
	(5193, 1, '登录', '进行用户登录操作', '2018-01-13 10:46:36'),
	(5194, 2, '登录', 'bk用户登录成功', '2018-01-13 10:46:37'),
	(5195, 1, '登录', '进行用户登录操作', '2018-01-13 10:58:18'),
	(5196, 2, '登录', 'bk用户登录成功', '2018-01-13 10:58:19'),
	(5197, 1, '登录', '进行用户登录操作', '2018-01-13 11:04:20'),
	(5198, 2, '登录', 'bk用户登录成功', '2018-01-13 11:04:21'),
	(5199, 1, '登录', '进行用户登录操作', '2018-01-13 11:08:28'),
	(5200, 2, '登录', 'bk用户登录成功', '2018-01-13 11:08:29'),
	(5201, 1, '登录', '进行用户登录操作', '2018-01-13 11:12:24'),
	(5202, 2, '登录', 'bk用户登录成功', '2018-01-13 11:12:25'),
	(5203, 1, '登录', '进行用户登录操作', '2018-01-13 11:15:39'),
	(5204, 2, '登录', 'bk用户登录成功', '2018-01-13 11:15:40'),
	(5205, 1, '登录', '进行用户登录操作', '2018-01-13 11:21:36'),
	(5206, 2, '登录', 'bk用户登录成功', '2018-01-13 11:21:36'),
	(5207, 1, '登录', '进行用户登录操作', '2018-01-13 11:30:49'),
	(5208, 2, '登录', 'bk用户登录成功', '2018-01-13 11:30:49'),
	(5209, 1, '登录', '进行用户登录操作', '2018-01-13 11:31:29'),
	(5210, 2, '登录', 'bk用户登录成功', '2018-01-13 11:31:29'),
	(5211, 1, '登录', '进行用户登录操作', '2018-01-13 11:49:22'),
	(5212, 2, '登录', 'bk用户登录成功', '2018-01-13 11:49:22'),
	(5213, 1, '登录', '进行用户登录操作', '2018-01-13 16:27:16'),
	(5214, 2, '登录', 'bk用户登录成功', '2018-01-13 16:27:17'),
	(5215, 1, '登录', '进行用户登录操作', '2018-01-13 16:31:24'),
	(5216, 2, '登录', 'bk用户登录成功', '2018-01-13 16:31:25'),
	(5217, 1, '登录', '进行用户登录操作', '2018-01-13 16:36:11'),
	(5218, 2, '登录', 'bk用户登录成功', '2018-01-13 16:36:11'),
	(5219, 2, '删除', '删除角色9', '2018-01-13 16:36:22');
/*!40000 ALTER TABLE `busilog` ENABLE KEYS */;

-- 导出  表 ankang.cars 结构
CREATE TABLE IF NOT EXISTS `cars` (
  `c_id` varchar(50) NOT NULL COMMENT '车辆编号（车牌号），主键，唯一',
  `u_id` int(11) DEFAULT NULL COMMENT '用户编号，外键',
  `c_color` varchar(50) DEFAULT NULL COMMENT '车辆颜色',
  `c_buydate` date DEFAULT NULL COMMENT '购买日期',
  `c_enginenum` varchar(50) DEFAULT NULL COMMENT '发动机型号',
  `c_type` varchar(50) DEFAULT NULL COMMENT '车辆类型（私家车）',
  `c_brand` varchar(50) DEFAULT NULL COMMENT '车辆品牌',
  `c_brandtype` varchar(50) DEFAULT NULL COMMENT '品牌型号',
  `c_pic` varchar(50) DEFAULT NULL COMMENT '车辆照片',
  `c_isauto` int(11) DEFAULT NULL COMMENT '是否自动挡（0是，1不是）',
  `c_enginesize` varchar(50) DEFAULT NULL COMMENT '排量大小',
  `seatnum` int(11) DEFAULT NULL COMMENT '座位数量',
  `c_price` decimal(10,2) DEFAULT NULL COMMENT '车辆估价',
  `c_evaluater` varchar(50) DEFAULT NULL COMMENT '评估人员（价格估测）',
  `c_state` int(11) DEFAULT NULL COMMENT '车辆状态（0待审核，1合格，2不合格）',
  `un_id` int(11) DEFAULT NULL COMMENT '添加人员编号',
  `c_addtime` date DEFAULT NULL COMMENT '添加时间',
  `un_shenid` int(11) DEFAULT NULL COMMENT '审核人员编号',
  `chuxian_num` int(11) DEFAULT NULL COMMENT '出险次数',
  PRIMARY KEY (`c_id`),
  KEY `FK_cars_users` (`u_id`),
  CONSTRAINT `FK_cars_users` FOREIGN KEY (`u_id`) REFERENCES `users` (`u_id`)
) ENGINE=InnoDB DEFAULT CHARSET=utf8 COMMENT='车辆信息表';

-- 正在导出表  ankang.cars 的数据：~21 rows (大约)
/*!40000 ALTER TABLE `cars` DISABLE KEYS */;
INSERT INTO `cars` (`c_id`, `u_id`, `c_color`, `c_buydate`, `c_enginenum`, `c_type`, `c_brand`, `c_brandtype`, `c_pic`, `c_isauto`, `c_enginesize`, `seatnum`, `c_price`, `c_evaluater`, `c_state`, `un_id`, `c_addtime`, `un_shenid`, `chuxian_num`) VALUES
	('京A12523', 25, '黑色', '2017-12-27', '1111111', '111', '奔驰', '111', '1.jpg', 1, '3.0l', 7, 20000000.00, 'lkl', 2, 2, '2017-12-27', 0, 0),
	('京A12525', 1, '额风格', '2018-01-02', 'P142', '36544', '大众', '43', '1.jpg', 0, '2.0L', 12, 20000000.00, '高德', 2, 1, '2018-01-02', 0, 0),
	('京A12526', 14, '紫色', '2017-12-30', '54115', '轿车', '奔驰', 'g250', '1.jpg', 0, '4.0l', 6, 26000000.00, '关宏达', 1, 1, '2017-12-30', 2, 0),
	('豫A1234', 3, '白色', '2017-12-28', '是是是', '22', '宝马', '2000', '2.jpg', 0, '4.0l', 5, 2000000.00, '海蒂诗', 1, 1, '2017-12-29', 1, 0),
	('豫A1c182', 21, '紫色', '2017-12-30', '54115', '轿车', '奔驰', 'g250', '1.jpg', 0, '4.0l', 6, 26000000.00, '关宏达', 1, 1, '2017-12-30', 2, 0),
	('豫A1c482', 7, '紫色', '2017-12-30', '54115', '轿车', '奔驰', 'g250', '1.jpg', 0, '4.0l', 6, 26000000.00, '关宏达', 1, 1, '2017-12-30', 2, 0),
	('豫A45574', 23, '黑红色', '2018-01-11', 'P142', '36544', '宝马', '43', '1.jpg', 0, '2.0L', 7, 40000000.00, '高德', 0, 1, '2018-01-11', 0, 0),
	('豫A56398', 48, '黑色', '2018-01-06', '200xs', 'SUV', '奔驰', '2000', '6.jpg', 0, '1.5L', 7, 200000.00, '皮特', 0, 1, '2018-01-06', 0, 3),
	('豫A563987', 2, '红色', '2017-12-25', 'fsfsf5554456', '轿车', '大众', '500', '1.jpg', 0, '2.0l', 5, 500000.00, '晓峰', 1, 2, '2017-12-25', 0, 0),
	('豫A56567', 8, '红色', '2017-12-29', '156441', 'suv', '红旗', '200', '2.jpg', 1, '2.5l', 6, 20000000.00, '阿迪', 2, 2, '2017-12-29', 1, 0),
	('豫A56854', 16, '黑色', '2017-12-30', '454', '轿车', '寒搭拉', '121', '2.jpg', 0, '2.0l', 5, 20000000.00, '242', 2, 2, '2017-12-30', 0, 0),
	('豫A56858', 3, '黑色', '2018-01-04', '闪电', '闪电', '闪电', '负担', '2.jpg', 0, '1.5', 5, 20222222.00, '闪电', 0, 1, '2018-01-04', 0, 0),
	('豫A56897', 4, '紫色', '2017-12-30', '54115', '轿车', '奔驰', 'g250', '1.jpg', 0, '4.0l', 6, 26000000.00, '关宏达', 2, 1, '2017-12-30', 2, 0),
	('豫A568974', 14, '紫色', '2017-12-30', '54115', '轿车', '奔驰', 'g250', '1.jpg', 0, '4.0l', 6, 26000000.00, '关宏达', 1, 1, '2017-12-30', 2, 0),
	('豫A66121', 1, '额风格', '2018-01-04', 'P142', '36544', '大众', '43', '105.jpg', 0, '2.0L', 42, 20000000.00, '预计', 0, 1, '2018-01-04', 0, 0),
	('豫A66555', 1, '额风格', '2018-01-04', 'P142', '36544', '大众', '43', 'shijie.jpg', 0, '2.0L', 42, 20000000.00, '烦得很', 1, 1, '2018-01-04', 0, 0),
	('豫A66655', 1, '额风格', '2018-01-02', 'P142', '36544', '大众', '43', '1.jpg', 0, '2.0L', 12, 20000000.00, '烦得很', 2, 1, '2018-01-02', 0, 0),
	('豫A66664', 1, '额风格', '2018-01-04', 'P142', '36544', '大众', '43', '105.jpg', 0, '2.0L', 42, 20000000.00, '烦得很', 1, 1, '2018-01-04', 0, 0),
	('豫A66778', 51, '枣红色', '2018-01-09', 'P185', 'suv', '大众', '2000', 'suanguo.jpg', 1, '2.0L', 7, 20000000.00, '哈吉', 0, 1, '2018-01-09', 0, 0),
	('豫A88888', 2, '黑', '2018-01-01', 'sdzxd', '私家车', '宝马', '800', 'cxy.jpg', 1, '3000', 7, 800000.00, '李四', 1, 1, '2018-01-09', 0, 6),
	('豫A98888', 39, '黑', '2018-01-10', 'P185', '越野', '劳斯莱斯', '800', '2.jpg', 1, '2.0L', 8, 2000.00, '李四', 0, 1, '2018-01-10', 1, 0);
/*!40000 ALTER TABLE `cars` ENABLE KEYS */;

-- 导出  表 ankang.car_insur 结构
CREATE TABLE IF NOT EXISTS `car_insur` (
  `ci_id` int(11) NOT NULL AUTO_INCREMENT COMMENT '保险编号，主键，唯一',
  `ci_name` varchar(50) DEFAULT NULL COMMENT '保险名称',
  `ci_type` varchar(50) DEFAULT NULL COMMENT '保险类型',
  `comp_rate` double(5,2) DEFAULT NULL COMMENT '赔付费率',
  `maxmoney` decimal(10,2) DEFAULT NULL COMMENT '最大保额',
  `ins_rale` double(5,5) DEFAULT NULL COMMENT '保费费率（如果该保险的费用和一些价格有关系的一种比率）',
  `ci_state` int(11) DEFAULT NULL COMMENT '保险状态（0待审核，1上架，2下架）',
  `un_id` int(11) DEFAULT NULL COMMENT '审核人编号',
  `ci_addtime` datetime DEFAULT NULL COMMENT '添加时间',
  `ci_money` decimal(10,2) DEFAULT NULL COMMENT '保险基础价',
  PRIMARY KEY (`ci_id`)
) ENGINE=InnoDB AUTO_INCREMENT=22 DEFAULT CHARSET=utf8 COMMENT='保险信息表';

-- 正在导出表  ankang.car_insur 的数据：~10 rows (大约)
/*!40000 ALTER TABLE `car_insur` DISABLE KEYS */;
INSERT INTO `car_insur` (`ci_id`, `ci_name`, `ci_type`, `comp_rate`, `maxmoney`, `ins_rale`, `ci_state`, `un_id`, `ci_addtime`, `ci_money`) VALUES
	(1, '机动车交通事故责任强制保险', '强制险', 0.50, 100000.00, 0.00000, 0, 1, '2017-12-25 19:38:23', 950.00),
	(2, '机动车损失保险', '商业险', 0.80, 200000.00, 0.00200, 0, 1, '2017-12-25 19:44:45', 630.00),
	(3, '机动车损失保险', '商业险', 0.80, 500000.00, 0.00200, 0, 1, '2017-12-25 20:02:10', 1300.00),
	(4, '机动车损失保险', '商业险', 0.80, 1000000.00, 0.00200, 0, 1, '2017-12-25 20:03:39', 2500.00),
	(5, '机动车第三者责任保险', '商业险', 0.80, 300000.00, 0.00000, 1, 1, '2017-12-25 19:56:46', 1492.00),
	(6, '机动车第三者责任保险', '商业险', 0.80, 600000.00, 0.00000, 2, 1, '2017-12-25 20:07:26', 3000.00),
	(7, '机动车第三者责任保险', '商业险', 0.80, 1500000.00, 0.00000, 0, 1, '2017-12-25 20:09:35', 5600.00),
	(8, '机动车车上人员责任保险', '商业险', 0.80, 300000.00, 0.00000, 1, 1, '2017-12-25 20:31:02', 3200.00),
	(9, '机动车全车盗抢保险', '商业险', 0.80, 500000.00, 0.00200, 1, 1, '2018-01-08 19:29:52', 2500.00),
	(21, '涉水险', '商业险', 0.12, 500000.00, 0.25000, 1, 1, '2017-12-30 11:53:33', 1000.00);
/*!40000 ALTER TABLE `car_insur` ENABLE KEYS */;

-- 导出  表 ankang.car_insur_record 结构
CREATE TABLE IF NOT EXISTS `car_insur_record` (
  `cir_id` int(11) NOT NULL AUTO_INCREMENT COMMENT '记录编号，主键，唯一',
  `ic_id` int(11) DEFAULT NULL COMMENT '保险单编号，外键',
  `cir_money` decimal(10,2) DEFAULT NULL COMMENT '缴费金额',
  `cir_addtime` datetime DEFAULT NULL COMMENT '缴费日期',
  `un_id` int(11) DEFAULT NULL COMMENT '经办人编号',
  `un_number` varchar(20) DEFAULT NULL COMMENT '经办人手机',
  `cri_msg` varchar(500) DEFAULT NULL COMMENT '备注信息',
  PRIMARY KEY (`cir_id`),
  KEY `FK_Reference_22` (`ic_id`),
  CONSTRAINT `FK_Reference_22` FOREIGN KEY (`ic_id`) REFERENCES `insur_contract` (`ic_id`)
) ENGINE=InnoDB AUTO_INCREMENT=58 DEFAULT CHARSET=utf8 COMMENT='保险缴费记录表';

-- 正在导出表  ankang.car_insur_record 的数据：~55 rows (大约)
/*!40000 ALTER TABLE `car_insur_record` DISABLE KEYS */;
INSERT INTO `car_insur_record` (`cir_id`, `ic_id`, `cir_money`, `cir_addtime`, `un_id`, `un_number`, `cri_msg`) VALUES
	(1, 3, 2000.00, '2018-01-03 16:32:05', 1, '15136987412', NULL),
	(2, 4, 20000.00, '2018-01-02 20:08:42', 1, '15136987412', NULL),
	(4, 25, 950.00, '2018-01-03 19:39:11', 1, '15136987412', NULL),
	(5, 28, 326.00, '2018-01-03 19:43:56', 1, '15136987412', NULL),
	(6, 26, 2300.00, '2018-01-03 20:02:33', 1, '15136987412', NULL),
	(7, 27, 3500.00, '2018-01-03 20:09:36', 1, '15136987412', NULL),
	(8, 30, 700.00, '2018-01-03 20:15:07', 1, '15136987412', NULL),
	(9, 29, 46000.00, '2018-01-03 20:16:09', 1, '15136987412', NULL),
	(10, 31, 5000.00, '2017-06-03 20:20:47', 1, '15136987412', NULL),
	(11, 6, 2000.00, '2018-01-03 20:29:14', 1, '15136987412', NULL),
	(12, 5, 1000.00, '2017-03-04 09:58:32', 1, '15136987412', NULL),
	(13, 2, 20000.00, '2017-03-05 12:01:14', 1, NULL, NULL),
	(14, 4, 20000.00, '2017-02-15 12:02:34', 1, NULL, NULL),
	(15, 5, 40000.00, '2017-02-05 12:03:13', 1, NULL, NULL),
	(16, 33, 5000.00, '2017-03-05 12:04:00', 1, NULL, NULL),
	(17, 35, 20000.00, '2017-04-05 12:04:19', 1, NULL, NULL),
	(18, 36, 50000.00, '2017-05-05 12:04:41', 1, NULL, NULL),
	(19, 32, 70000.00, '2017-06-05 12:05:08', 1, NULL, NULL),
	(20, 34, 80000.00, '2017-07-05 12:08:42', 1, NULL, NULL),
	(21, 36, 90000.00, '2017-08-05 12:09:11', 1, NULL, NULL),
	(22, 56, 100000.00, '2017-09-05 12:09:48', 1, NULL, NULL),
	(23, 6, 55000.00, '2017-10-19 14:09:50', 1, NULL, NULL),
	(24, 40, 5600.00, '2017-11-09 14:10:18', 1, NULL, NULL),
	(26, 5, 230000.00, '2017-12-08 14:53:11', 1, NULL, NULL),
	(27, 61, 960.00, '2018-01-08 15:53:47', 1, '15136987412', NULL),
	(28, 60, 900.00, '2018-01-08 17:15:30', 1, '15136987412', NULL),
	(29, 88, 950.00, '2018-01-09 17:14:38', 1, '15136987412', NULL),
	(30, 89, 2230.00, '2018-01-09 17:14:40', 1, '15136987412', NULL),
	(31, 90, 4100.00, '2018-01-09 17:14:43', 1, '15136987412', NULL),
	(32, 91, 3000.00, '2018-01-09 17:14:48', 1, '15136987412', NULL),
	(33, 4, 819.20, '2018-01-09 20:41:22', 1, '15136987412', NULL),
	(34, 4, 819.20, '2018-01-09 20:43:08', 1, '15136987412', NULL),
	(35, 4, 819.20, '2018-01-09 20:46:28', 1, '15136987412', NULL),
	(36, 55, 368.64, '2018-01-10 11:23:39', 1, '15136987412', NULL),
	(37, 4, 268.43, '2018-01-10 15:20:49', 1, '15136987412', NULL),
	(38, 55, 368.64, '2018-01-10 15:48:28', 1, '15136987412', NULL),
	(39, 57, 950.00, '2018-01-10 16:22:18', 1, '15136406823', NULL),
	(40, 59, 285.00, '2018-01-10 16:29:54', 1, '15136406823', NULL),
	(41, 58, 41300.00, '2018-01-10 16:44:02', 1, '15136406823', NULL),
	(42, 58, 41300.00, '2018-01-10 16:44:04', 1, '15136406823', NULL),
	(43, 70, 950.00, '2018-01-10 16:57:56', 1, '15136406823', NULL),
	(44, 70, 950.00, '2018-01-10 16:57:58', 1, '15136406823', NULL),
	(45, 71, 1030.00, '2018-01-10 16:59:58', 1, '15136406823', NULL),
	(46, 72, 1492.00, '2018-01-10 17:04:01', 1, '15136406823', NULL),
	(47, 73, 3200.00, '2018-01-10 17:05:18', 1, '15136406823', NULL),
	(48, 25, 950.00, '2018-01-10 17:10:57', 1, '15136406823', NULL),
	(49, 3, 2000.00, '2018-01-10 17:15:19', 1, '15136406823', NULL),
	(50, 4, 268.43, '2018-01-10 17:19:37', 1, '15136406823', NULL),
	(51, 4, 268.43, '2018-01-10 17:23:49', 1, '15136406823', NULL),
	(52, 56, 960.00, '2018-01-10 17:40:14', 1, '15136406823', NULL),
	(53, 88, 950.00, '2018-01-11 10:05:29', 2, '13674915436', NULL),
	(54, 88, 950.00, '2018-01-11 10:05:29', 2, '13674915436', NULL),
	(55, 88, 950.00, '2018-01-11 10:05:31', 2, '13674915436', NULL),
	(56, 88, 950.00, '2018-01-11 10:05:31', 2, '13674915436', NULL),
	(57, 89, 2230.00, '2018-01-11 10:05:33', 2, '13674915436', NULL);
/*!40000 ALTER TABLE `car_insur_record` ENABLE KEYS */;

-- 导出  表 ankang.claimant 结构
CREATE TABLE IF NOT EXISTS `claimant` (
  `cl_id` int(11) NOT NULL AUTO_INCREMENT COMMENT '报案单编号，主键，唯一',
  `c_id` varchar(50) DEFAULT NULL COMMENT '报案车辆编号（车牌号）',
  `u_id` int(11) DEFAULT NULL COMMENT '报案用户，外键',
  `ci_id` int(11) DEFAULT NULL COMMENT '保险编号',
  `cl_type` double DEFAULT NULL COMMENT '责任比率',
  `sgzr` double DEFAULT NULL COMMENT '事故责任免赔率',
  `jdmp` double DEFAULT NULL COMMENT '绝对免赔率之和',
  `cl_state` int(11) DEFAULT '0' COMMENT '审核状态（0待审核，1合格，2不合格）',
  `un_shenid` int(11) DEFAULT '0' COMMENT '审核人编号',
  `cl_jiesuan` int(11) DEFAULT '0' COMMENT '是否结算（0未结算，1已结算）',
  `cl_money` decimal(10,0) DEFAULT NULL COMMENT '死亡应赔金额',
  `cl_money1` decimal(10,0) DEFAULT NULL COMMENT '医疗应赔金额',
  `cl_money2` decimal(10,0) DEFAULT NULL COMMENT '财产应赔金额',
  `zonghe` decimal(10,0) DEFAULT NULL COMMENT '应赔金额总和',
  `dsf_money` decimal(10,0) DEFAULT NULL COMMENT '从第三方获取的金额',
  `clds_type` varchar(50) DEFAULT NULL COMMENT '车辆丢失状态（整体丢失，丢失找回---）',
  `msg_table` varchar(50) DEFAULT NULL COMMENT '详细信息表(存储的是用户报案信息表的文件名：以车牌号命名)',
  `un_id` int(11) DEFAULT NULL COMMENT '添加人编号',
  `cl_addtime` datetime DEFAULT NULL COMMENT '添加日期',
  PRIMARY KEY (`cl_id`),
  KEY `FK_Reference_9` (`u_id`),
  KEY `FK_claimant_car_insur` (`ci_id`),
  CONSTRAINT `FK_Reference_9` FOREIGN KEY (`u_id`) REFERENCES `users` (`u_id`),
  CONSTRAINT `FK_claimant_car_insur` FOREIGN KEY (`ci_id`) REFERENCES `car_insur` (`ci_id`)
) ENGINE=InnoDB AUTO_INCREMENT=105 DEFAULT CHARSET=utf8 COMMENT='理赔信息表';

-- 正在导出表  ankang.claimant 的数据：~22 rows (大约)
/*!40000 ALTER TABLE `claimant` DISABLE KEYS */;
INSERT INTO `claimant` (`cl_id`, `c_id`, `u_id`, `ci_id`, `cl_type`, `sgzr`, `jdmp`, `cl_state`, `un_shenid`, `cl_jiesuan`, `cl_money`, `cl_money1`, `cl_money2`, `zonghe`, `dsf_money`, `clds_type`, `msg_table`, `un_id`, `cl_addtime`) VALUES
	(22, '豫A66664', 1, 1, 0.8, NULL, NULL, 1, 0, 1, 1000, 5000, 5000, 11000, NULL, NULL, '3.jpg', 2, '2018-01-04 14:45:51'),
	(23, '京A12525', 1, 1, 0.5, NULL, NULL, 1, 0, 1, 5000, 0, 0, 5500, NULL, NULL, 'bootstrap.css', 1, '2017-11-04 15:28:05'),
	(24, '豫A56395', 3, 2, 0.2, NULL, NULL, 2, 0, 0, 2000, 0, 0, 2200, NULL, NULL, 'bootstrap.js', 1, '2017-10-04 15:29:15'),
	(25, '豫A1c462', 4, 1, 0.3, NULL, NULL, 1, 0, 0, 3000, 0, 0, 3500, NULL, NULL, 'common.css', 1, '2017-02-04 15:31:59'),
	(26, '豫A1c482', 7, 1, 0.8, NULL, NULL, 1, 0, 1, 3002, 0, 0, 3500, NULL, NULL, 'common.js', 1, '2017-03-04 15:33:04'),
	(27, '豫A56567', 8, 1, 0.6, NULL, NULL, 0, 0, 0, 51515, 0, 0, 52000, NULL, NULL, 'jquery.js', 1, '2017-04-07 15:33:56'),
	(28, '豫A1c484', 14, 9, 0.3, NULL, NULL, 0, 0, 0, 3000, 0, 0, 3000, NULL, NULL, 'jquery-1.js', 1, '2017-05-05 14:48:11'),
	(29, '京A12525', 1, 2, 0.5, NULL, NULL, 2, 1, 1, 10000, 0, 0, 10000, NULL, NULL, NULL, 1, '2017-06-05 15:46:18'),
	(30, '豫A56264', 16, 1, 0.6, NULL, NULL, 1, 0, 1, 5000, 0, 0, 5000, NULL, NULL, 'logo.png', 2, '2017-07-05 18:42:12'),
	(31, '豫A56398', 48, 2, 0.3, NULL, NULL, 1, 0, 1, 123, 0, 0, 1230, NULL, NULL, 'xy.png', 2, '2017-08-06 16:06:31'),
	(32, '豫A56398', 48, 1, 0.5, NULL, NULL, 1, 0, 1, 5000, 5000, 5000, 5000, NULL, NULL, '21.jpg', 1, '2017-09-09 16:22:04'),
	(35, '豫A66664', 1, 6, 0.2, NULL, NULL, 1, NULL, 1, 22000, 5000, 5000, 5500, NULL, NULL, NULL, 1, '2017-12-08 14:06:07'),
	(40, '豫A56398', 48, 5, 0.7, 0.15, 0, 0, 0, 0, 11000, 1000, 100, 0, 100, NULL, '2.jpg', 0, '2018-01-09 09:28:00'),
	(41, '豫A56398', 48, 8, 0.7, 0.15, 0.02, 2, 0, 1, 0, 0, 166417, 166417, 100, NULL, '2.jpg', 0, '2018-01-09 09:28:01'),
	(89, '豫A88888', 2, 1, 0.7, 0.2, 0, NULL, NULL, NULL, 100000, 10000, 1000, 100000, 1000, NULL, 'cxy.jpg', 0, '2018-01-09 17:15:33'),
	(90, '豫A88888', 2, 2, 0.7, 0.2, 0.02, NULL, NULL, NULL, 0, 0, 154016, 154016, 1000, NULL, 'cxy.jpg', 0, '2018-01-09 17:15:33'),
	(91, '豫A88888', 2, 4, 0.7, 0.2, 0.02, NULL, NULL, NULL, 0, 0, 781216, 781216, 1000, NULL, 'cxy.jpg', 0, '2018-01-09 17:15:33'),
	(92, '豫A88888', 2, 6, 0.7, 0.2, 0, NULL, NULL, NULL, 5544, 0, 0, 5544, 1000, NULL, 'cxy.jpg', 0, '2018-01-09 17:15:34'),
	(101, '豫A56398', 48, 1, 0.5, 0.2, 0, 0, 0, 0, 1000, 1000, 1000, 1000, 3000, NULL, '测试.txt', 2, '2018-01-10 14:51:01'),
	(102, '豫A56398', 48, 2, 0.5, 0.2, 0.2, 0, 0, 0, 0, 0, 124080, 124080, 3000, NULL, '测试.txt', 2, '2018-01-10 14:51:01'),
	(103, '豫A56398', 48, 5, 0.5, 0.2, 0, 0, 0, 0, 480, 0, 0, 480, 3000, NULL, '测试.txt', 2, '2018-01-10 14:51:01'),
	(104, '豫A56398', 48, 8, 0.5, 0.2, 0, 0, 0, 0, 750, 0, 0, 5250, 3000, NULL, '测试.txt', 2, '2018-01-10 14:51:01');
/*!40000 ALTER TABLE `claimant` ENABLE KEYS */;

-- 导出  表 ankang.clai_record 结构
CREATE TABLE IF NOT EXISTS `clai_record` (
  `cla_id` int(11) NOT NULL AUTO_INCREMENT COMMENT '记录编号，主键，唯一',
  `cl_id` int(11) DEFAULT NULL COMMENT '报案单编号，外键',
  `cla_money` decimal(10,2) DEFAULT NULL COMMENT '赔付金额',
  `cla_addtime` datetime DEFAULT NULL COMMENT '赔付日期',
  `un_id` int(11) DEFAULT NULL COMMENT '经办人编号',
  `un_number` varchar(20) DEFAULT NULL COMMENT '经办人手机',
  `cla_msg` varchar(500) DEFAULT NULL COMMENT '备注信息',
  PRIMARY KEY (`cla_id`),
  KEY `FK_Reference_24` (`un_id`),
  KEY `FK_Reference_26` (`cl_id`),
  CONSTRAINT `FK_Reference_24` FOREIGN KEY (`un_id`) REFERENCES `user_number` (`un_id`),
  CONSTRAINT `FK_Reference_26` FOREIGN KEY (`cl_id`) REFERENCES `claimant` (`cl_id`)
) ENGINE=InnoDB AUTO_INCREMENT=81 DEFAULT CHARSET=utf8 COMMENT='赔付记录表';

-- 正在导出表  ankang.clai_record 的数据：~32 rows (大约)
/*!40000 ALTER TABLE `clai_record` DISABLE KEYS */;
INSERT INTO `clai_record` (`cla_id`, `cl_id`, `cla_money`, `cla_addtime`, `un_id`, `un_number`, `cla_msg`) VALUES
	(12, 25, 2000.00, '2017-01-05 11:12:34', 17, NULL, NULL),
	(13, 23, 10000.00, '2017-02-05 11:20:06', 17, NULL, NULL),
	(14, 25, 20000.00, '2017-03-07 14:12:58', 17, NULL, NULL),
	(15, 27, 65400.00, '2017-04-05 14:17:57', 17, NULL, NULL),
	(16, 22, 80000.00, '2017-05-05 14:19:11', 17, NULL, NULL),
	(17, 23, 14250.00, '2017-06-05 14:19:37', 17, NULL, NULL),
	(18, 23, 8000.00, '2017-07-05 14:20:08', 2, NULL, NULL),
	(41, 22, 40000.00, '2017-08-05 16:50:18', 2, NULL, NULL),
	(42, 23, 5000.00, '2017-09-05 17:20:55', 2, NULL, NULL),
	(44, 24, 5000.00, '2017-10-05 17:28:17', 1, NULL, NULL),
	(45, 27, 51515.00, '2017-11-05 19:15:03', 2, NULL, NULL),
	(46, 27, 51515.00, '2017-12-05 19:31:05', 27, NULL, NULL),
	(47, 27, 51515.00, '2017-01-06 10:50:22', 17, NULL, NULL),
	(51, 35, 22000.00, '2017-02-08 14:13:24', 1, '15136984160', NULL),
	(52, 35, 5500.00, '2017-02-08 17:38:10', 2, NULL, NULL),
	(53, 35, 5500.00, '2017-01-08 17:39:56', 2, NULL, NULL),
	(54, 30, 5000.00, '2017-03-09 09:11:55', 1, '15136984160', NULL),
	(55, 29, 0.00, '2018-01-09 09:11:58', 1, '15136984160', NULL),
	(56, 41, 0.00, '2018-01-09 11:00:24', 5, '15036987462', NULL),
	(57, 22, 16500.00, '2018-01-09 15:31:13', 27, NULL, NULL),
	(58, 22, 16500.00, '2018-01-09 15:33:12', 9, NULL, NULL),
	(59, 22, 16500.00, '2018-01-09 15:34:54', 9, NULL, NULL),
	(60, 22, 16500.00, '2017-03-09 15:37:38', 9, NULL, NULL),
	(61, 22, 16500.00, '2017-03-09 16:05:37', 9, NULL, NULL),
	(73, 31, 1230.00, '2018-01-10 11:43:01', 9, NULL, NULL),
	(74, 32, 5000.00, '2018-01-10 11:43:01', 9, NULL, NULL),
	(75, 31, 1230.00, '2018-01-10 11:44:39', 9, NULL, NULL),
	(76, 32, 5000.00, '2018-01-10 11:44:40', 9, NULL, NULL),
	(77, 31, 1230.00, '2018-01-10 14:01:39', 1, NULL, NULL),
	(78, 32, 5000.00, '2018-01-10 14:01:39', 1, NULL, NULL),
	(79, 31, 1230.00, '2018-01-10 14:06:31', 1, '15136406823', NULL),
	(80, 32, 5000.00, '2018-01-10 14:06:31', 1, '15136406823', NULL);
/*!40000 ALTER TABLE `clai_record` ENABLE KEYS */;

-- 导出  表 ankang.dept 结构
CREATE TABLE IF NOT EXISTS `dept` (
  `d_id` int(11) NOT NULL AUTO_INCREMENT COMMENT '公司编号，主键，唯一',
  `d_name` varchar(50) DEFAULT NULL COMMENT '公司名称',
  `d_phone` varchar(20) DEFAULT NULL COMMENT '公司电话',
  `d_ownername` varchar(20) DEFAULT NULL COMMENT '负责人姓名',
  `ownermobile` varchar(20) DEFAULT NULL COMMENT '负责人手机',
  `incity` varchar(50) DEFAULT NULL COMMENT '所属城市',
  `address` varchar(500) DEFAULT NULL COMMENT '详细地址',
  `gpslon` double DEFAULT NULL COMMENT '位置经度',
  `gpslat` double DEFAULT NULL COMMENT '位置维度',
  `remark` varchar(500) DEFAULT NULL COMMENT '备注描述',
  `addtime` datetime DEFAULT NULL COMMENT '添加日期',
  PRIMARY KEY (`d_id`)
) ENGINE=InnoDB AUTO_INCREMENT=57 DEFAULT CHARSET=utf8 COMMENT='支点公司表';

-- 正在导出表  ankang.dept 的数据：~32 rows (大约)
/*!40000 ALTER TABLE `dept` DISABLE KEYS */;
INSERT INTO `dept` (`d_id`, `d_name`, `d_phone`, `d_ownername`, `ownermobile`, `incity`, `address`, `gpslon`, `gpslat`, `remark`, `addtime`) VALUES
	(1, '金水支点', '123456', '佳佳', '123456', '郑州', '金水区', 150, 250, '新', '2017-12-29 10:50:27'),
	(2, '金水支点', '123456', '小白', '123456', '郑州', '二七', 150, 250, '新', '2017-12-29 10:50:27'),
	(3, '金水支点', '123456', '小白', '123456', '郑州', '二七', 150, 250, '新', '2017-12-29 10:50:27'),
	(4, '金水支点', '123456', '小白', '123456', '郑州', '二七', 150, 250, '新', '2017-12-29 10:50:27'),
	(5, '金水支点', '123456', '小白', '123456', '郑州', '二七', 150, 250, '新', '2017-12-29 10:50:27'),
	(6, '金水支点', '123456', '小白', '123456', '郑州', '二七', 150, 250, '新', '2017-12-29 10:50:27'),
	(7, '金水支点', '123456', '小白', '123456', '郑州', '二七', 150, 250, '新', '2017-12-29 10:50:27'),
	(8, '金水支点', '123456', '小白', '123456', '郑州', '二七', 150, 250, '新', '2017-12-29 10:50:27'),
	(9, '金水支点', '123456', '小白', '123456', '郑州', '二七', 150, 250, '新', '2017-12-29 10:50:27'),
	(10, '金水支点', '123456', '小白', '123456', '郑州', '二七', 150, 250, '新', '2017-12-29 10:50:27'),
	(11, '金水支点', '123456', '小白', '123456', '郑州', '二七', 150, 250, '新', '2017-12-29 10:50:27'),
	(12, '金水支点', '123456', '小白', '123456', '郑州', '二七', 150, 250, '新', '2017-12-29 10:50:27'),
	(13, '金水支点', '123456', '小白', '123456', '郑州', '二七', 150, 250, '新', '2017-12-29 10:50:27'),
	(14, '金水支点', '123456', '小白', '123456', '郑州', '二七', 150, 250, '新', '2017-12-29 10:50:27'),
	(15, '金水支点', '123456', '小白', '123456', '郑州', '二七', 150, 250, '新', '2017-12-29 10:50:27'),
	(16, '金水支点', '123456', '小白', '123456', '郑州', '二七', 150, 250, '新', '2017-12-29 10:50:27'),
	(17, '金水支点', '123456', '小白', '123456', '郑州', '二七', 150, 250, '新', '2017-12-29 10:50:27'),
	(18, '金水支点', '123456', '小白', '123456', '郑州', '二七', 150, 250, '新', '2017-12-29 10:50:27'),
	(19, '金水支点', '123456', '小白', '123456', '郑州', '二七', 150, 250, '新', '2017-12-29 10:50:27'),
	(20, '金水支点', '123456', '小白', '123456', '郑州', '二七', 150, 250, '新', '2017-12-29 10:50:27'),
	(21, '金水支点', '123456', '小白', '123456', '郑州', '二七', 150, 250, '新', '2017-12-29 10:50:27'),
	(22, '金水支点', '123456', '小白', '123456', '郑州', '二七', 150, 250, '新', '2017-12-29 10:50:27'),
	(23, '金水支点', '123456', '小白', '123456', '郑州', '二七', 150, 250, '新', '2017-12-29 10:50:27'),
	(24, '金水支点', '123456', '小白', '123456', '郑州', '二七', 150, 250, '新', '2017-12-29 10:50:27'),
	(26, '金水支点', '123456', '小白', '15036211171', '郑州', '二七', 150, 250, 'sa', '2018-01-05 15:18:15'),
	(29, '顶顶', '15036211198', '风格', '15045240452', 'cvb', 'cvb', 1200, 1200, 'sd', '2018-01-05 15:18:17'),
	(39, '设计开发的', '15036211171', '88', '15036211171', '15036211171', '88', 8, 8, '8', '2018-01-05 15:36:55'),
	(40, '设计开发的', '15036211171', '88', '15036211171', '15036211171', '88', 8, 8, '8', '2018-01-05 15:36:55'),
	(41, '设计开发的', '15036211171', '88', '15036211171', '15036211171', '88', 8, 8, '8', '2018-01-05 15:36:55'),
	(42, '设计开发的', '15036211171', '88', '15036211171', '郑州', '88', 8, 8, '8', '2018-01-05 16:08:10'),
	(43, '设计开发', '15036211171', '88', '15036211171', '郑州', '88', 8, 8, '的', '2018-01-05 16:07:59'),
	(56, '9', '9', '9', '99', '9', '9', 9, 9, '9', '2018-01-06 09:35:49');
/*!40000 ALTER TABLE `dept` ENABLE KEYS */;

-- 导出  表 ankang.inser_include 结构
CREATE TABLE IF NOT EXISTS `inser_include` (
  `ii_id` int(11) NOT NULL AUTO_INCREMENT COMMENT '套餐编号，主键，唯一',
  `ci1` int(11) DEFAULT '0' COMMENT '保险编号一（0无，保险id）',
  `ci2` int(11) DEFAULT '0' COMMENT '保险编号二（0无，1有）',
  `ci3` int(11) DEFAULT '0' COMMENT '保险编号三（0无，1有）',
  `ci4` int(11) DEFAULT '0' COMMENT '保险编号四（0无，1有）',
  `ci5` int(11) DEFAULT '0' COMMENT '保险编号五（0无，1有）',
  `ci6` int(11) DEFAULT '0' COMMENT '保险编号六（0无，1有）',
  `ci7` int(11) DEFAULT '0' COMMENT '保险编号七（0无，1有）',
  `ci8` int(11) DEFAULT '0' COMMENT '保险编号八（0无，1有）',
  `ci9` int(11) DEFAULT '0' COMMENT '保险编号九（0无，1有）',
  `ci10` int(11) DEFAULT '0' COMMENT '保险编号十（0无，1有）',
  `ci11` int(11) DEFAULT '0' COMMENT '保险编号十一（0无，1有）',
  `ci12` int(11) DEFAULT '0',
  `ci13` int(11) DEFAULT '0',
  `ci14` int(11) DEFAULT '0',
  `ci15` int(11) DEFAULT '0',
  `ci16` int(11) DEFAULT '0',
  `ci17` int(11) DEFAULT '0',
  `ci19` int(11) DEFAULT '0',
  `ci20` int(11) DEFAULT '0',
  PRIMARY KEY (`ii_id`)
) ENGINE=InnoDB AUTO_INCREMENT=5 DEFAULT CHARSET=utf8 COMMENT='套餐清单';

-- 正在导出表  ankang.inser_include 的数据：~3 rows (大约)
/*!40000 ALTER TABLE `inser_include` DISABLE KEYS */;
INSERT INTO `inser_include` (`ii_id`, `ci1`, `ci2`, `ci3`, `ci4`, `ci5`, `ci6`, `ci7`, `ci8`, `ci9`, `ci10`, `ci11`, `ci12`, `ci13`, `ci14`, `ci15`, `ci16`, `ci17`, `ci19`, `ci20`) VALUES
	(1, 5, 2, 3, 4, 0, 0, 0, 0, 0, 0, 0, 0, 0, 0, 0, 0, 0, 0, 0),
	(3, 1, 6, 8, 0, 0, 0, 0, 0, 0, 0, 0, 0, 0, 0, 0, 0, 0, 0, 0),
	(4, 1, 6, 4, 5, 0, 0, 0, 0, 0, 0, 0, 0, 0, 0, 0, 0, 0, 0, 0);
/*!40000 ALTER TABLE `inser_include` ENABLE KEYS */;

-- 导出  表 ankang.insur_contract 结构
CREATE TABLE IF NOT EXISTS `insur_contract` (
  `ic_id` int(11) NOT NULL AUTO_INCREMENT COMMENT '订单编号，主键，唯一',
  `c_id` varchar(50) DEFAULT NULL COMMENT '车辆编号，外键',
  `ip_id` int(11) DEFAULT NULL COMMENT '套餐标识（0表示自选，套餐id表示对应套餐）',
  `ci_id` int(11) DEFAULT NULL COMMENT '保险编号，外键',
  `un_id` int(11) DEFAULT NULL COMMENT '添加人员',
  `ic_addtime` datetime DEFAULT NULL COMMENT '添加时间',
  `ic_totime` datetime DEFAULT NULL COMMENT '有效日期',
  `ic_state` int(11) DEFAULT NULL COMMENT '订单状态你（0待审核，1生效，2不合格，3退保，4续保）',
  `un_shenid` int(11) DEFAULT NULL COMMENT '审核人编号',
  `ic_ispayment` int(11) DEFAULT NULL COMMENT '是否缴费（0否，1是）',
  `ic_money` decimal(10,2) DEFAULT NULL COMMENT '应缴金额',
  `max_money` decimal(10,2) DEFAULT NULL COMMENT '最大保额',
  `msg_table` varchar(50) DEFAULT NULL COMMENT '详细信息表(存储的是用户报案信息表的文件名：以车牌号命名）',
  PRIMARY KEY (`ic_id`),
  KEY `FK_Reference_27` (`ci_id`),
  CONSTRAINT `FK_Reference_27` FOREIGN KEY (`ci_id`) REFERENCES `car_insur` (`ci_id`)
) ENGINE=InnoDB AUTO_INCREMENT=101 DEFAULT CHARSET=utf8 COMMENT='保险订单';

-- 正在导出表  ankang.insur_contract 的数据：~82 rows (大约)
/*!40000 ALTER TABLE `insur_contract` DISABLE KEYS */;
INSERT INTO `insur_contract` (`ic_id`, `c_id`, `ip_id`, `ci_id`, `un_id`, `ic_addtime`, `ic_totime`, `ic_state`, `un_shenid`, `ic_ispayment`, `ic_money`, `max_money`, `msg_table`) VALUES
	(1, '豫A563987', 0, 1, 1, '2017-12-26 10:34:30', '2019-12-26 10:34:34', 1, 1, 0, 935.00, 110000.00, NULL),
	(2, '京A12523', 1, 1, 1, '2017-12-28 10:30:25', '2017-12-28 10:30:27', 2, 1, 0, 0.00, 100.00, NULL),
	(3, '豫A1234', 1, 5, 2, '2017-12-28 20:44:34', '2018-12-28 20:44:35', 1, 1, 0, 2000.00, 10000000.00, NULL),
	(4, '京A12525', 1, 21, 1, '2017-01-04 16:38:16', '2021-01-04 16:38:18', 1, 0, 1, 268.43, 500000.00, NULL),
	(5, '京A12525', 1, 6, 1, '2018-01-02 16:41:11', '2019-01-02 16:41:13', 3, 1, 0, 1000.00, 50000.00, NULL),
	(6, '京A12526', 0, 1, 1, '2018-01-03 17:11:23', '2019-01-03 17:11:27', 0, NULL, 0, 2000.00, 100000.00, NULL),
	(25, '豫A563987', 0, 1, 1, '2018-01-03 19:38:23', '2019-01-03 19:38:23', 1, NULL, 1, 950.00, 100000.00, NULL),
	(26, '豫A563987', 0, 3, 1, '2018-01-03 19:38:23', '2018-01-03 19:38:23', 2, NULL, 0, 2300.00, 500000.00, NULL),
	(27, '豫A563987', 0, 4, 1, '2018-01-03 19:38:23', '2018-01-03 19:38:23', 0, NULL, 0, 3500.00, 1000000.00, NULL),
	(28, '豫A563987', 2, 2, 1, '2018-01-03 19:38:23', '2018-01-03 19:38:23', 3, NULL, 0, 326.00, 200000.00, NULL),
	(29, '豫A563987', 3, 3, 1, '2018-01-03 19:38:23', '2018-01-03 19:38:23', 0, NULL, 0, 460.00, 500000.00, NULL),
	(30, '豫A563987', 4, 4, 1, '2018-01-03 19:38:24', '2018-01-03 19:38:24', 0, NULL, 0, 700.00, 1000000.00, NULL),
	(31, '豫A563987', 5, 5, 1, '2018-01-03 19:38:24', '2019-01-03 19:38:24', 0, NULL, 0, 298.40, 300000.00, NULL),
	(32, '京A12525', 0, 1, 1, '2018-01-04 09:34:19', '2018-01-04 09:34:19', 0, NULL, 0, 950.00, 100000.00, NULL),
	(33, '京A12525', 0, 4, 1, '2018-01-04 09:34:19', '2018-01-04 09:34:19', 0, NULL, 0, 42500.00, 1000000.00, NULL),
	(34, '京A12525', 0, 7, 1, '2018-01-04 09:34:19', '2018-01-04 09:34:19', 3, NULL, 0, 5600.00, 1500000.00, NULL),
	(35, '京A12525', 1, 1, 1, '2018-01-04 09:34:19', '2018-01-04 09:34:19', 0, NULL, 0, 285.00, 100000.00, NULL),
	(36, '京A12525', 6, 6, 1, '2018-01-04 09:34:19', '2018-01-04 09:34:19', 0, NULL, 0, 900.00, 600000.00, NULL),
	(37, '京A12525', 8, 8, 1, '2017-12-04 09:34:19', '2018-12-04 09:34:19', 3, NULL, 0, 960.00, 300000.00, NULL),
	(38, '豫A1234', 0, 1, 1, '2018-01-04 09:38:21', '2018-01-04 09:38:21', 0, NULL, 0, 950.00, 100000.00, NULL),
	(39, '豫A1234', 0, 4, 1, '2018-01-04 09:38:21', '2018-01-04 09:38:21', 0, NULL, 0, 6500.00, 1000000.00, NULL),
	(40, '豫A1c482', 0, 1, 1, '2018-01-04 09:41:48', '2018-01-04 09:41:48', 0, NULL, 0, 950.00, 100000.00, NULL),
	(41, '豫A1c482', 1, 1, 1, '2018-01-04 09:41:49', '2018-01-04 09:41:49', 0, NULL, 0, 114.00, 100000.00, NULL),
	(42, '豫A1c482', 4, 4, 1, '2018-01-04 09:41:49', '2018-01-04 09:41:49', 0, NULL, 0, 6540.00, 1000000.00, NULL),
	(43, '豫A1c482', 5, 5, 1, '2018-01-04 09:41:49', '2018-01-04 09:41:49', 0, NULL, 0, 179.04, 300000.00, NULL),
	(44, '豫A1c482', 6, 6, 1, '2018-01-04 09:41:49', '2018-01-04 09:41:49', 0, NULL, 0, 360.00, 600000.00, NULL),
	(45, '豫A66655', 0, 1, 1, '2018-01-04 12:03:26', '2018-01-04 12:03:26', 0, NULL, 0, 950.00, 100000.00, NULL),
	(46, '豫A66655', 0, 4, 1, '2018-01-04 12:03:26', '2018-01-04 12:03:26', 0, NULL, 0, 42500.00, 1000000.00, NULL),
	(47, '豫A66655', 0, 6, 1, '2018-01-04 12:03:26', '2018-01-04 12:03:26', 0, NULL, 0, 3000.00, 600000.00, NULL),
	(48, '豫A66655', 0, 8, 1, '2018-01-04 12:03:26', '2018-01-04 12:03:26', 0, NULL, 0, 3200.00, 300000.00, NULL),
	(49, '豫A66655', 2, 2, 1, '2018-01-04 12:03:26', '2018-01-04 12:03:26', 0, NULL, 0, 8126.00, 200000.00, NULL),
	(50, '豫A66655', 3, 3, 1, '2018-01-04 12:03:26', '2018-01-04 12:03:26', 0, NULL, 0, 8260.00, 500000.00, NULL),
	(51, '豫A66655', 4, 4, 1, '2018-01-04 12:03:26', '2018-01-04 12:03:26', 0, NULL, 0, 8500.00, 1000000.00, NULL),
	(52, '豫A66655', 5, 5, 1, '2018-01-04 12:03:26', '2018-01-04 12:03:26', 0, NULL, 0, 298.40, 300000.00, NULL),
	(53, '京A12525', 0, 4, 1, '2018-01-04 12:04:33', '2018-01-04 12:04:33', 0, NULL, 0, 42500.00, 1000000.00, NULL),
	(54, '京A12525', 1, 1, 1, '2018-01-04 12:04:33', '2018-01-04 12:04:33', 4, NULL, 0, 285.00, 100000.00, NULL),
	(55, '京A12525', 6, 6, 1, '2018-01-04 12:04:33', '2020-01-04 12:04:33', 4, NULL, 1, 368.64, 600000.00, NULL),
	(56, '京A12525', 8, 8, 1, '2018-01-04 12:04:33', '2019-01-04 12:04:33', 1, NULL, 1, 960.00, 300000.00, NULL),
	(57, '豫A66664', 0, 1, 1, '2018-01-04 16:27:01', '2019-01-04 16:27:01', 1, NULL, 0, 950.00, 100000.00, NULL),
	(58, '豫A66664', 0, 3, 1, '2018-01-04 16:27:02', '2020-01-04 16:27:02', 1, NULL, 0, 41300.00, 500000.00, NULL),
	(59, '豫A66664', 1, 1, 1, '2018-01-04 16:27:02', '2019-01-04 16:27:02', 1, NULL, 0, 285.00, 100000.00, NULL),
	(60, '豫A66664', 6, 6, 1, '2018-01-04 16:27:03', '2019-01-04 16:27:03', 1, NULL, 0, 900.00, 600000.00, NULL),
	(61, '豫A66664', 8, 8, 1, '2018-01-04 16:27:03', '2019-01-04 16:27:03', 1, NULL, 0, 960.00, 300000.00, NULL),
	(62, '豫A563987', 0, 1, 1, '2018-01-04 16:30:32', '2018-01-04 16:30:32', 0, NULL, 0, 950.00, 100000.00, NULL),
	(63, '豫A563987', 0, 3, 1, '2018-01-04 16:30:32', '2018-01-04 16:30:32', 0, NULL, 0, 2300.00, 500000.00, NULL),
	(64, '豫A563987', 0, 21, 1, '2018-01-04 16:30:32', '2018-01-04 16:30:32', 0, NULL, 0, 126000.00, 500000.00, NULL),
	(65, '豫A563987', 1, 1, 1, '2018-01-04 16:30:32', '2018-01-04 16:30:32', 0, NULL, 0, 285.00, 100000.00, NULL),
	(66, '豫A563987', 6, 6, 1, '2018-01-04 16:30:32', '2018-01-04 16:30:32', 0, NULL, 0, 900.00, 600000.00, NULL),
	(67, '豫A563987', 8, 8, 1, '2018-01-04 16:30:33', '2018-01-04 16:30:33', 0, NULL, 0, 960.00, 300000.00, NULL),
	(68, '豫A563987', 0, 1, 1, '2018-01-04 16:50:56', '2018-01-04 16:50:56', 0, NULL, 0, 950.00, 100000.00, NULL),
	(69, '豫A563987', 0, 2, 1, '2018-01-04 16:50:56', '2018-01-04 16:50:56', 0, NULL, 0, 1630.00, 200000.00, NULL),
	(70, '豫A56398', 0, 1, 1, '2018-01-06 11:59:09', '2020-01-06 11:59:09', 1, NULL, 0, 950.00, 100000.00, NULL),
	(71, '豫A56398', 0, 2, 1, '2018-01-06 11:59:09', '2019-01-06 11:59:09', 1, NULL, 0, 1030.00, 200000.00, NULL),
	(72, '豫A56398', 0, 5, 1, '2018-01-06 11:59:09', '2019-01-06 11:59:09', 1, NULL, 0, 1492.00, 300000.00, NULL),
	(73, '豫A56398', 0, 8, 1, '2018-01-06 11:59:09', '2019-01-06 11:59:09', 1, NULL, 0, 3200.00, 300000.00, NULL),
	(74, '京A12525', 0, 1, 1, '2018-01-09 16:47:41', '2018-01-09 16:47:41', 0, NULL, 0, 760.00, 100000.00, NULL),
	(75, '京A12525', 0, 2, 1, '2018-01-09 16:47:41', '2018-01-09 16:47:41', 0, NULL, 0, 32504.00, 200000.00, NULL),
	(76, '京A12525', 0, 3, 1, '2018-01-09 16:47:42', '2018-01-09 16:47:42', 0, NULL, 0, 33040.00, 500000.00, NULL),
	(77, '京A12525', 0, 6, 1, '2018-01-09 16:47:42', '2018-01-09 16:47:42', 0, NULL, 0, 2400.00, 600000.00, NULL),
	(78, '京A12525', 2, 2, 1, '2018-01-09 16:47:42', '2018-01-09 16:47:42', 0, NULL, 0, 6500.80, 200000.00, NULL),
	(79, '京A12525', 3, 3, 1, '2018-01-09 16:47:42', '2018-01-09 16:47:42', 0, NULL, 0, 6608.00, 500000.00, NULL),
	(80, '京A12525', 4, 4, 1, '2018-01-09 16:47:42', '2018-01-09 16:47:42', 0, NULL, 0, 6800.00, 1000000.00, NULL),
	(81, '京A12525', 5, 5, 1, '2018-01-09 16:47:42', '2018-01-09 16:47:42', 0, NULL, 0, 238.72, 300000.00, NULL),
	(82, '京A12525', 0, 2, 1, '2018-01-09 17:06:59', '2018-01-09 17:06:59', 0, NULL, 0, 32504.00, 200000.00, NULL),
	(83, '京A12525', 0, 4, 1, '2018-01-09 17:06:59', '2018-01-09 17:06:59', 0, NULL, 0, 34000.00, 1000000.00, NULL),
	(84, '京A12525', 1, 1, 1, '2018-01-09 17:07:00', '2018-01-09 17:07:00', 0, NULL, 0, 91.20, 100000.00, NULL),
	(85, '京A12525', 4, 4, 1, '2018-01-09 17:07:00', '2018-01-09 17:07:00', 0, NULL, 0, 4080.00, 1000000.00, NULL),
	(86, '京A12525', 5, 5, 1, '2018-01-09 17:07:00', '2018-01-09 17:07:00', 0, NULL, 0, 143.23, 300000.00, NULL),
	(87, '京A12525', 6, 6, 1, '2018-01-09 17:07:00', '2018-01-09 17:07:00', 0, NULL, 0, 288.00, 600000.00, NULL),
	(88, '豫A88888', 0, 1, 1, '2018-01-09 17:13:26', '2024-01-09 17:13:26', 1, NULL, 1, 950.00, 100000.00, NULL),
	(89, '豫A88888', 0, 2, 1, '2018-01-09 17:13:26', '2020-01-09 17:13:26', 1, NULL, 1, 2230.00, 200000.00, NULL),
	(90, '豫A88888', 0, 4, 1, '2018-01-09 17:13:26', '2019-01-09 17:13:26', 1, NULL, 0, 4100.00, 1000000.00, NULL),
	(91, '豫A88888', 0, 6, 1, '2018-01-09 17:13:27', '2019-01-09 17:13:27', 1, NULL, 0, 3000.00, 600000.00, NULL),
	(92, '豫A66121', 0, 1, 1, '2018-01-10 10:44:01', '2018-01-10 10:44:01', 0, NULL, 0, 760.00, 100000.00, NULL),
	(93, '豫A66121', 0, 4, 1, '2018-01-10 10:44:02', '2018-01-10 10:44:02', 0, NULL, 0, 34000.00, 1000000.00, NULL),
	(94, '豫A66121', 0, 6, 1, '2018-01-10 10:44:02', '2018-01-10 10:44:02', 0, NULL, 0, 2400.00, 600000.00, NULL),
	(95, '豫A66121', 2, 2, 1, '2018-01-10 10:44:02', '2018-01-10 10:44:02', 0, NULL, 0, 6500.80, 200000.00, NULL),
	(96, '豫A66121', 3, 3, 1, '2018-01-10 10:44:02', '2018-01-10 10:44:02', 0, NULL, 0, 6608.00, 500000.00, NULL),
	(97, '豫A66121', 4, 4, 1, '2018-01-10 10:44:02', '2018-01-10 10:44:02', 0, NULL, 0, 6800.00, 1000000.00, NULL),
	(98, '豫A66121', 5, 5, 1, '2018-01-10 10:44:02', '2018-01-10 10:44:02', 0, NULL, 0, 238.72, 300000.00, NULL),
	(99, '豫A98888', 0, 1, 1, '2018-01-10 11:13:32', '2018-01-10 11:13:32', 0, NULL, 0, 950.00, 100000.00, NULL),
	(100, '豫A98888', 0, 8, 1, '2018-01-10 11:13:32', '2018-01-10 11:13:32', 0, NULL, 0, 3200.00, 300000.00, NULL);
/*!40000 ALTER TABLE `insur_contract` ENABLE KEYS */;

-- 导出  表 ankang.insur_pack 结构
CREATE TABLE IF NOT EXISTS `insur_pack` (
  `ip_id` int(11) NOT NULL AUTO_INCREMENT COMMENT '套餐编号，主键，唯一',
  `ii_id` int(11) DEFAULT NULL COMMENT '保险清单编号',
  `ip_name` varchar(50) DEFAULT NULL COMMENT '套餐名称',
  `ip_state` int(11) DEFAULT NULL COMMENT '套餐状态（0待审核，1上架，2下架）',
  `un_id` int(11) DEFAULT NULL COMMENT '审核人编号',
  `ip_addtime` datetime DEFAULT NULL COMMENT '添加时间',
  `ip_rate` double DEFAULT NULL COMMENT '套餐优惠率',
  `includenum` int(11) DEFAULT NULL,
  PRIMARY KEY (`ip_id`),
  KEY `FK_Reference_6` (`ii_id`),
  CONSTRAINT `FK_Reference_6` FOREIGN KEY (`ii_id`) REFERENCES `inser_include` (`ii_id`)
) ENGINE=InnoDB AUTO_INCREMENT=4 DEFAULT CHARSET=utf8 COMMENT='保险套餐';

-- 正在导出表  ankang.insur_pack 的数据：~3 rows (大约)
/*!40000 ALTER TABLE `insur_pack` DISABLE KEYS */;
INSERT INTO `insur_pack` (`ip_id`, `ii_id`, `ip_name`, `ip_state`, `un_id`, `ip_addtime`, `ip_rate`, `includenum`) VALUES
	(1, 1, '套餐1', 1, 123, '2017-12-27 14:00:46', 0.2, 3),
	(2, 3, '套餐2', 2, 321, '2017-12-27 14:34:51', 0.3, 4),
	(3, 4, '套餐3', 2, 1, '2017-12-28 10:43:32', 0.12, 5);
/*!40000 ALTER TABLE `insur_pack` ENABLE KEYS */;

-- 导出  表 ankang.member 结构
CREATE TABLE IF NOT EXISTS `member` (
  `m_id` int(11) NOT NULL AUTO_INCREMENT COMMENT '等级编号，主键，唯一',
  `m_name` varchar(50) DEFAULT NULL COMMENT '等级名称',
  `m_minscore` int(11) DEFAULT NULL COMMENT '最小信用',
  `m_maxscore` int(11) DEFAULT NULL COMMENT '最大信用',
  `m_discount` double DEFAULT NULL COMMENT '保险折扣',
  `m_addtime` datetime DEFAULT NULL COMMENT '添加时间',
  PRIMARY KEY (`m_id`)
) ENGINE=InnoDB AUTO_INCREMENT=6 DEFAULT CHARSET=utf8 COMMENT='会员等级';

-- 正在导出表  ankang.member 的数据：~5 rows (大约)
/*!40000 ALTER TABLE `member` DISABLE KEYS */;
INSERT INTO `member` (`m_id`, `m_name`, `m_minscore`, `m_maxscore`, `m_discount`, `m_addtime`) VALUES
	(1, '倔强青铜', 0, 200, 1, '2018-01-03 14:22:20'),
	(2, '秩序白银', 200, 400, 0.9, '2018-01-03 14:22:46'),
	(3, '尊贵铂金', 400, 600, 0.8, '2018-01-03 14:23:15'),
	(4, '璀璨钻石', 600, 800, 0.7, '2018-01-03 14:24:08'),
	(5, '最强王者', 800, 1000, 0.6, '2018-01-03 14:24:36');
/*!40000 ALTER TABLE `member` ENABLE KEYS */;

-- 导出  表 ankang.power 结构
CREATE TABLE IF NOT EXISTS `power` (
  `p_id` int(11) NOT NULL AUTO_INCREMENT COMMENT '权限编号，主键，唯一',
  `p_name` varchar(50) DEFAULT NULL COMMENT '权限名称',
  `un_id` int(11) DEFAULT NULL COMMENT '添加人编号',
  `url` varchar(50) DEFAULT NULL COMMENT '请求路径',
  `p_msg` varchar(50) DEFAULT NULL COMMENT '权限描述',
  `addtime` datetime DEFAULT NULL COMMENT '添加日期',
  PRIMARY KEY (`p_id`),
  KEY `FK_power_user_number` (`un_id`),
  CONSTRAINT `FK_power_user_number` FOREIGN KEY (`un_id`) REFERENCES `user_number` (`un_id`) ON DELETE CASCADE ON UPDATE CASCADE
) ENGINE=InnoDB AUTO_INCREMENT=73 DEFAULT CHARSET=utf8 COMMENT='权限信息表';

-- 正在导出表  ankang.power 的数据：~72 rows (大约)
/*!40000 ALTER TABLE `power` DISABLE KEYS */;
INSERT INTO `power` (`p_id`, `p_name`, `un_id`, `url`, `p_msg`, `addtime`) VALUES
	(1, '删除角色', 2, '/guanliyuan/delRole.do', 'bk---', '2018-01-11 17:35:12'),
	(2, '删除管理员', 2, '/guanliyuan/delUserNumber.do', 'bk---', '2018-01-11 17:35:12'),
	(3, '保险管理', 2, '', '', '2018-01-11 17:35:12'),
	(4, '保险list', 2, '', '', '2018-01-11 17:35:12'),
	(5, '保险添加', 2, '', '', '2018-01-11 17:35:12'),
	(6, '保险上架', 2, '', '', '2018-01-11 17:35:12'),
	(7, '保险下架', 2, '', '', '2018-01-11 17:35:12'),
	(8, '营销管理', 2, '', '', '2018-01-11 17:35:12'),
	(9, '套餐list', 2, '', '', '2018-01-11 17:35:12'),
	(10, '套餐推出', 2, '', '', '2018-01-11 17:35:12'),
	(11, '套餐上架', 2, '', '', '2018-01-11 17:35:12'),
	(12, '套餐下架', 2, '', '', '2018-01-11 17:35:12'),
	(13, '用户管理', 2, '', '', '2018-01-11 17:35:12'),
	(14, '用户list', 2, '', '', '2018-01-11 17:35:12'),
	(15, '用户添加', 2, '', '', '2018-01-11 17:35:12'),
	(16, '用户信息修改', 2, '', '', '2018-01-11 17:35:12'),
	(17, '用户信誉度', 2, '', '', '2018-01-11 17:35:12'),
	(18, '用户冻结', 2, '', '', '2018-01-11 17:35:12'),
	(19, '用户解冻', 2, '', '', '2018-01-11 17:35:12'),
	(20, '车辆list', 2, '', '', '2018-01-11 17:35:12'),
	(21, '车辆添加', 2, '', '', '2018-01-12 11:09:34'),
	(22, '修改车辆', 2, '', '', '2018-01-13 12:19:44'),
	(23, '删除车辆', 2, '', NULL, '2018-01-13 12:23:37'),
	(24, '交易管理', 2, '', '', '2018-01-13 12:23:38'),
	(25, '保险单list', 2, NULL, NULL, '2018-01-13 12:23:39'),
	(26, '保险单导入导出', 2, NULL, NULL, '2018-01-13 12:23:40'),
	(27, '新增保险订单', 2, NULL, NULL, '2018-01-13 12:23:42'),
	(28, '导出保险单', 2, NULL, NULL, '2018-01-13 12:23:43'),
	(29, '保险缴费审核', 2, NULL, NULL, '2018-01-13 12:23:45'),
	(30, '理赔管理', 2, NULL, NULL, '2018-01-13 12:23:46'),
	(31, '报案单list', 2, NULL, NULL, '2018-01-13 12:23:48'),
	(32, '报案单导入导出', 2, NULL, NULL, '2018-01-13 12:23:49'),
	(33, '新增报案单', 2, NULL, NULL, '2018-01-13 12:23:49'),
	(34, '赔偿结算', 2, NULL, NULL, '2018-01-13 12:23:50'),
	(35, '赔偿记录', 2, NULL, NULL, '2018-01-13 12:23:51'),
	(36, '管理员管理', 2, '/guanliyuan', 'bk---', '2018-01-13 12:23:53'),
	(37, '角色list', 2, '/guanliyuan/queryAllRole.do', 'bk---', '2018-01-13 12:23:54'),
	(38, '添加角色', 2, '/guanliyuan/addRole.do', 'bk---', '2018-01-13 12:23:59'),
	(39, '修改角色', 2, '/guanliyuan/editRole.do', 'bk---', '2018-01-13 12:24:00'),
	(40, '批量删除管理员', 2, '/guanliyuan/delUserNumbers.do', 'bk---未添加', '2018-01-13 12:24:01'),
	(41, '管理员list', 2, '/guanliyuan/toadmin-list.do', 'bk---', '2018-01-13 12:24:03'),
	(42, '添加管理员', 2, '/guanliyuan/addUserNumber.do', 'bk---', '2018-01-13 12:24:04'),
	(43, '修改管理员', 2, '/guanliyuan/editUserNumberById.do', 'bk---', '2018-01-13 12:24:05'),
	(44, '批量删除角色', 2, '/guanliyuan/delRoles.do', 'bk---未添加', '2018-01-13 12:24:06'),
	(45, '系统管理', 2, '/xitong', 'bk---', '2018-01-13 12:24:07'),
	(46, '支点list', 2, '/xitong/queryLikeDept.do', 'bk---', '2018-01-13 12:24:09'),
	(47, '添加支点', 2, '/xitong/addZhiDian.do', 'bk---', '2018-01-13 12:24:11'),
	(48, '修改支点', 2, '/xitong/editDept.do', 'bk---', '2018-01-13 12:24:11'),
	(49, '删除支点', 2, '/xitong/delDeptById.do', 'bk---', '2018-01-13 12:24:13'),
	(50, '查看日志', 2, '/xitong/queryLikeBusilog.do', 'bk---', '2018-01-13 12:24:14'),
	(51, '管理员冻结', 2, '/xitong/editUserNumber.do', 'bk---', '2018-01-13 12:24:15'),
	(52, '管理员解冻', 2, '/xitong/editUserNumber.do', 'bk---冻结解冻重复', '2018-01-13 12:24:16'),
	(53, '用户服务', 2, NULL, NULL, '2018-01-13 12:24:17'),
	(54, '个人信息查看', 2, NULL, NULL, '2018-01-13 12:24:25'),
	(55, '报案信息查询', 2, NULL, NULL, '2018-01-13 12:34:03'),
	(56, '退保申请', 2, NULL, NULL, '2018-01-13 12:34:05'),
	(57, '退保申请', 2, NULL, NULL, '2018-01-13 12:34:06'),
	(58, '续保申请', 2, NULL, NULL, '2018-01-13 12:34:07'),
	(59, '在线保险计算器', 2, NULL, NULL, '2018-01-13 12:34:09'),
	(60, '支点查询', 2, NULL, NULL, '2018-01-13 12:34:10'),
	(61, '核验管理', 2, NULL, NULL, '2018-01-13 12:34:11'),
	(62, '车辆信息核验', 2, NULL, NULL, '2018-01-13 12:34:12'),
	(63, '用户信息核验', 2, NULL, NULL, '2018-01-13 12:34:13'),
	(64, '理赔信息核验', 2, NULL, NULL, '2018-01-13 12:34:14'),
	(65, '新增保险核验', 2, NULL, NULL, '2018-01-13 12:34:15'),
	(66, '保险单核验', 2, NULL, NULL, '2018-01-13 12:34:16'),
	(67, '续保核验', 2, NULL, NULL, '2018-01-13 12:34:17'),
	(68, '退保核验', 2, NULL, NULL, '2018-01-13 12:34:18'),
	(69, '', 2, '/guanliyuan', NULL, '2018-01-13 12:34:18'),
	(70, '', 2, '/guanliyuan', NULL, '2018-01-13 12:34:19'),
	(71, '', 2, NULL, NULL, '2018-01-13 12:34:21'),
	(72, '', 2, NULL, NULL, '2018-01-13 12:34:22');
/*!40000 ALTER TABLE `power` ENABLE KEYS */;

-- 导出  表 ankang.renewal 结构
CREATE TABLE IF NOT EXISTS `renewal` (
  `r_id` int(11) NOT NULL AUTO_INCREMENT COMMENT '续保编号，主键，唯一',
  `ic_id` int(11) DEFAULT NULL COMMENT '订单编号，外键',
  `u_id` int(11) DEFAULT NULL COMMENT '用户编号，外键',
  `r_state` int(11) DEFAULT '0' COMMENT '续保状态，（0，待审核，1审核通过，2审核不通过）',
  `un_addid` int(11) DEFAULT NULL COMMENT '添加人员',
  `un_shenid` int(11) DEFAULT NULL COMMENT '审核人编号',
  `r_addtime` datetime DEFAULT NULL COMMENT '添加日期',
  PRIMARY KEY (`r_id`),
  KEY `FK_Reference_14` (`u_id`),
  KEY `FK_Reference_29` (`ic_id`),
  CONSTRAINT `FK_Reference_14` FOREIGN KEY (`u_id`) REFERENCES `users` (`u_id`),
  CONSTRAINT `FK_Reference_29` FOREIGN KEY (`ic_id`) REFERENCES `insur_contract` (`ic_id`)
) ENGINE=InnoDB AUTO_INCREMENT=37 DEFAULT CHARSET=utf8 COMMENT='续保申请表';

-- 正在导出表  ankang.renewal 的数据：~11 rows (大约)
/*!40000 ALTER TABLE `renewal` DISABLE KEYS */;
INSERT INTO `renewal` (`r_id`, `ic_id`, `u_id`, `r_state`, `un_addid`, `un_shenid`, `r_addtime`) VALUES
	(25, 4, 1, 0, 1, 6, '2018-01-09 11:19:51'),
	(26, 4, 1, 0, 1, 6, '2018-01-09 11:22:28'),
	(27, 4, 1, 1, 1, 6, '2018-01-09 11:34:41'),
	(28, 55, 1, 0, 1, 6, '2018-01-09 14:09:08'),
	(29, 4, 1, 2, 1, 6, '2018-01-09 15:04:57'),
	(31, 55, 1, 0, 1, 6, '2018-01-09 16:31:58'),
	(32, 4, 1, 2, 1, 6, '2018-01-10 10:28:59'),
	(33, 5, 1, 0, 1, NULL, '2018-01-10 10:35:09'),
	(34, 4, 1, 2, 1, 6, '2018-01-10 10:38:17'),
	(35, 4, 1, 2, 1, 6, '2018-01-10 11:09:48'),
	(36, 55, 1, 0, 1, NULL, '2018-01-10 15:18:35');
/*!40000 ALTER TABLE `renewal` ENABLE KEYS */;

-- 导出  表 ankang.role 结构
CREATE TABLE IF NOT EXISTS `role` (
  `r_id` int(11) NOT NULL AUTO_INCREMENT COMMENT '角色编号，主键，唯一',
  `r_name` varchar(50) DEFAULT NULL COMMENT '角色名称',
  `powers` varchar(2000) DEFAULT NULL COMMENT '权限编号，外键',
  `r_msg` varchar(200) DEFAULT NULL COMMENT '权限备注',
  `un_id` int(11) DEFAULT NULL COMMENT '添加人编号',
  `r_addtime` datetime DEFAULT NULL COMMENT '添加日期',
  `un_shenid` int(11) DEFAULT NULL COMMENT '审核人编号',
  PRIMARY KEY (`r_id`)
) ENGINE=InnoDB AUTO_INCREMENT=33 DEFAULT CHARSET=utf8 COMMENT='角色信息表';

-- 正在导出表  ankang.role 的数据：~15 rows (大约)
/*!40000 ALTER TABLE `role` DISABLE KEYS */;
INSERT INTO `role` (`r_id`, `r_name`, `powers`, `r_msg`, `un_id`, `r_addtime`, `un_shenid`) VALUES
	(1, '超级管理员', '1', '拥有最高权限', 1, '2017-12-25 17:50:52', 1),
	(2, '管理员', '1', '权限第二高', 1, '2017-12-26 10:22:58', 1),
	(3, '普通用户', '删除角色', '最低的权限', 1, '2017-12-30 09:50:06', 1),
	(4, '业务员', '1', '具有一般性的操作', 1, '2017-12-30 09:51:47', NULL),
	(5, '9999', '1', 'vn', 0, '2018-01-02 17:58:28', 0),
	(6, '2', '1', 'vn', 0, '2018-01-02 17:58:28', 0),
	(7, '2', '1', 'vn', 0, '2018-01-02 17:58:28', 0),
	(8, '2', '1', 'vn', 0, '2018-01-02 17:58:28', 0),
	(23, 'ddd', NULL, 'ddd', 0, '2018-01-12 09:50:18', NULL),
	(26, 'ds', '理赔管理,保险单list,报案单导入导出,新增报案单,赔偿结算,赔偿记录', 'as', 2, '2018-01-12 09:54:30', NULL),
	(27, 'fd', '系统管理', 'df', 2, '2018-01-12 09:56:50', NULL),
	(28, 'fd', NULL, 'df', 0, '2018-01-12 09:56:50', NULL),
	(29, 'nm', '管理员管理,删除管理员', 'bn', 2, '2018-01-12 09:59:58', NULL),
	(30, 's', '营销管理,套餐下架', 's', 2, '2018-01-12 10:01:42', NULL),
	(32, 'ew', '保险管理,保险list,保险添加,保险上架,保险下架,营销管理,套餐list,套餐推出,套餐上架,套餐下架', 'wq', 2, '2018-01-12 11:09:21', NULL);
/*!40000 ALTER TABLE `role` ENABLE KEYS */;

-- 导出  表 ankang.surrender 结构
CREATE TABLE IF NOT EXISTS `surrender` (
  `s_id` int(11) NOT NULL AUTO_INCREMENT COMMENT '退保编号，主键，唯一',
  `ic_id` int(11) DEFAULT NULL COMMENT '订单编号',
  `u_id` int(11) DEFAULT NULL COMMENT '用户编号，外键',
  `s_msg` varchar(500) DEFAULT NULL COMMENT '退保缘由',
  `r_state` int(11) DEFAULT '0' COMMENT '退保状态（0待审核，1审核通过，2审核不通过）',
  `un_addid` int(11) DEFAULT NULL COMMENT '添加人员',
  `s_addtime` datetime DEFAULT NULL COMMENT '添加日期',
  `un_shenid` int(11) DEFAULT NULL COMMENT '审核人编号',
  PRIMARY KEY (`s_id`),
  KEY `FK_Reference_11` (`u_id`),
  CONSTRAINT `FK_Reference_11` FOREIGN KEY (`u_id`) REFERENCES `users` (`u_id`)
) ENGINE=InnoDB AUTO_INCREMENT=63 DEFAULT CHARSET=utf8 COMMENT='退保申请表';

-- 正在导出表  ankang.surrender 的数据：~6 rows (大约)
/*!40000 ALTER TABLE `surrender` DISABLE KEYS */;
INSERT INTO `surrender` (`s_id`, `ic_id`, `u_id`, `s_msg`, `r_state`, `un_addid`, `s_addtime`, `un_shenid`) VALUES
	(57, 5, 1, '太贵了', 0, 1, '2018-01-09 14:50:32', NULL),
	(58, 34, 1, '太便宜了', 0, 1, '2018-01-09 14:52:57', NULL),
	(59, 37, 1, '不需要了', 1, 1, '2018-01-09 14:53:14', NULL),
	(60, 37, 1, '测试', 2, 1, '2018-01-09 15:00:45', NULL),
	(61, 56, 1, '测试2', 0, 1, '2018-01-09 15:05:30', NULL),
	(62, 4, 1, '第一次退', 0, 1, '2018-01-10 09:32:05', NULL);
/*!40000 ALTER TABLE `surrender` ENABLE KEYS */;

-- 导出  表 ankang.survey 结构
CREATE TABLE IF NOT EXISTS `survey` (
  `sur_id` int(11) NOT NULL AUTO_INCREMENT COMMENT '调查编号，主键，唯一',
  `c_id` varchar(50) DEFAULT NULL COMMENT '车辆编号',
  `s_time` datetime DEFAULT NULL COMMENT '事故时间',
  `s_site` varchar(200) DEFAULT NULL COMMENT '事故地点',
  `client_a` varchar(50) DEFAULT NULL COMMENT '当事人a',
  `client_b` varchar(50) DEFAULT NULL COMMENT '当事人b',
  `client_c` varchar(50) DEFAULT NULL COMMENT '当事人c',
  `pic` varchar(50) DEFAULT NULL COMMENT '现场草图（上传图片）',
  `s_msg` varchar(2000) DEFAULT NULL COMMENT '详情描述',
  PRIMARY KEY (`sur_id`)
) ENGINE=InnoDB AUTO_INCREMENT=32 DEFAULT CHARSET=utf8 COMMENT='出险调查表';

-- 正在导出表  ankang.survey 的数据：~10 rows (大约)
/*!40000 ALTER TABLE `survey` DISABLE KEYS */;
INSERT INTO `survey` (`sur_id`, `c_id`, `s_time`, `s_site`, `client_a`, `client_b`, `client_c`, `pic`, `s_msg`) VALUES
	(22, '豫A66664', '2018-01-03 10:23:59', '中原路同兴街', '高先生', '单先生', '萨步奇', '1.jpg', '一切安好'),
	(23, '京A12525', '2018-01-04 15:26:14', '中原区同兴街', '高先生', '李先生', '罗先生', '1.jpg', '测试二'),
	(24, '豫A56395', '2018-01-04 15:28:48', '中云路同兴街', '阿福', '萨德', '萨步奇', '3.jpg', '测试三'),
	(25, '豫A1c462', '2018-01-02 15:30:55', '中原路同兴街', '高先生', '李先生', '王先生', '4.jpg', '测试四'),
	(26, '豫A1c482', '2018-01-03 10:23:59', '河南', '撒是', '撒按错', '阿萨', '5.jpg', '测试五'),
	(27, '豫A56567', '2018-01-01 15:33:21', '郑州', '自奥尔', '莫马尔', '萨步奇', '6.jpg', '测试六'),
	(28, '豫A1c484', '2018-01-03 10:18:37', '马寨镇学院路一号', '郭先生', '单先生', '罗先生', '7.jpg', '雪大路滑重大事故'),
	(29, '豫A56264', '2018-01-05 18:41:31', '中原区同兴街', '撒是', '萨德', '阿萨', '8.jpg', '窝窝头股份'),
	(30, '豫A56398', '2018-01-06 16:05:28', '河南', '高先生', '李先生', '王先生', '14.jpg', '外网访问'),
	(31, '豫A56398', '2018-01-06 16:21:34', '中原区同兴街', '高先生', '李先生', '萨步奇', '20.jpg', '往日的群无');
/*!40000 ALTER TABLE `survey` ENABLE KEYS */;

-- 导出  表 ankang.users 结构
CREATE TABLE IF NOT EXISTS `users` (
  `u_id` int(11) NOT NULL AUTO_INCREMENT COMMENT '用户编号，主键，唯一',
  `u_name` varchar(50) DEFAULT NULL COMMENT '用户姓名',
  `u_sex` varchar(10) DEFAULT NULL COMMENT '用户性别',
  `u_bir` datetime DEFAULT NULL COMMENT '出生年月',
  `u_addr` varchar(200) DEFAULT NULL COMMENT '通讯地址',
  `u_phone` varchar(11) DEFAULT NULL COMMENT '联系方式',
  `u_idcard` varchar(20) DEFAULT NULL COMMENT '身份证号',
  `u_emal` varchar(50) DEFAULT NULL COMMENT '用户邮箱',
  `u_qq` varchar(20) DEFAULT NULL COMMENT '用户qq',
  `u_other_num` varchar(11) DEFAULT NULL COMMENT '家庭号码',
  `u_code` varchar(50) DEFAULT NULL COMMENT '用户邮编',
  `u_remark` varchar(200) DEFAULT NULL COMMENT '用户描述',
  `u_jifen` int(11) DEFAULT '100' COMMENT '信用积分（默认100）',
  `un_id` int(11) DEFAULT NULL COMMENT '添加人员',
  `u_addtime` datetime DEFAULT NULL COMMENT '添加日期',
  `u_state` int(11) DEFAULT NULL COMMENT '信息状态（0待审核，1合格，2不合格）',
  PRIMARY KEY (`u_id`)
) ENGINE=InnoDB AUTO_INCREMENT=54 DEFAULT CHARSET=utf8 COMMENT='用户信息表';

-- 正在导出表  ankang.users 的数据：~47 rows (大约)
/*!40000 ALTER TABLE `users` DISABLE KEYS */;
INSERT INTO `users` (`u_id`, `u_name`, `u_sex`, `u_bir`, `u_addr`, `u_phone`, `u_idcard`, `u_emal`, `u_qq`, `u_other_num`, `u_code`, `u_remark`, `u_jifen`, `un_id`, `u_addtime`, `u_state`) VALUES
	(1, '张三', '男', '2017-12-25 16:37:24', '河南省郑州市', '15138984160', '412822199411016236', '973990828@qq.com', '666666655', '15136894170', '563247', '一个优秀成员', 1382, 1, '2017-12-25 16:41:49', 1),
	(2, 'admin', '男', '2017-12-27 09:25:49', '河南省南阳市', '15138984192', '411327199302066666', '12306@qq.com', '123456', '12345678910', '473500', '老大', 282, 5, '2017-12-27 09:27:06', 1),
	(3, '小白', '男', '2017-12-27 15:02:54', '河南省信阳市', '15136895689', '412800199411325689', '123664@qq.com', '156816656', '15136988745', '473500', '牛皮达', 120, 2, '2017-12-27 15:04:42', 1),
	(4, '好安静', '女', '2016-12-27 15:06:13', '河南省商丘市', '15036987462', '412822199865232563', '154641@qq.com', '1565458489', '15136984789', '473569', '未发生发', 100, 3, '2017-12-27 15:07:47', 2),
	(5, '司法所', '女', '2015-12-27 15:08:12', '河南省周口市返回', '15136984789', '412822199465892356', '145556@qq.com', '165484564', '15138984190', '473566', '缴费开始的', 100, 4, '2017-12-27 15:09:50', 0),
	(6, '好安静1', '女', '2016-12-27 15:06:13', '河南省商丘市发货', '15036987464', '412822199865232563', '154641@qq.com', '1565458489', '15136984789', '473569', '未发生发', 100, 6, '2017-12-27 15:07:47', 1),
	(7, '好安静2', '女', '2016-12-27 15:06:13', '河南省商丘市返回', '15036984564', '412822199865232563', '154641@qq.com', '1565458489', '15136984789', '473569', '未发生发', 100, 7, '2017-12-27 15:07:47', 1),
	(8, '好安静3', '女', '2016-12-27 15:06:13', '河南省商丘市伏虎', '15036984581', '412822199865232563', '154641@qq.com', '1565458489', '15136984789', '473569', '未发生发', 100, 8, '2017-12-27 15:07:47', 1),
	(9, '好安静4', '女', '2016-12-27 15:06:13', '河南省商丘市5', '15036984567', '412822199865232563', '154641@qq.com', '1565458489', '15136984789', '473569', '未发生发', 100, 9, '2017-12-27 15:07:47', 2),
	(10, '好安静5', '女', '2016-12-27 15:06:13', '河南省商丘市6', '15036984864', '412822199865232563', '154641@qq.com', '1565458489', '15136984789', '473569', '未发生发', 100, 10, '2017-12-27 15:07:47', 1),
	(11, '好安静6', '女', '2016-12-27 15:06:13', '河南省商丘市8', '15036984561', '412822199865232563', '154641@qq.com', '1565458489', '15136984789', '473569', '未发生发', 100, 11, '2017-12-27 15:07:47', 1),
	(12, '好安静7', '女', '2016-12-27 15:06:13', '河南省商丘市', '15036982656', '412822199865232563', '154641@qq.com', '1565458489', '15136984789', '473569', '未发生发', 100, 12, '2017-12-27 15:07:47', 1),
	(13, '好安静8', '女', '2016-12-27 15:06:13', '河南省商丘市', '15036986265', '412822199865232563', '154641@qq.com', '1565458489', '15136984789', '473569', '未发生发', 100, 13, '2017-12-27 15:07:47', 1),
	(14, '哈哈', '女', '2017-12-28 10:34:58', '滴滴滴滴滴', '13243225611', '410928199610190773', '1252@qq.com', '1105339899', '13243225125', '457000', '好好好', 120, 14, '2017-12-28 10:34:58', 0),
	(15, '阿瑟', '女', '2017-12-05 00:00:00', '啊飒飒飒飒', '13243225616', '410928199610190773', '142424@qer.com', '15656356167', '13243225125', '457000', '453433543', 100, 2, '2017-12-28 19:09:42', 1),
	(16, '你好', '男', '2017-12-15 00:00:00', '啊飒飒飒飒', '13243225556', '410928199610190773', '142424@qer.com', '1105339899', '13243225125', '457000', '阿萨撒', 100, 2, '2017-12-29 11:48:13', 0),
	(17, '李四', '男', '2017-12-30 12:55:29', '河南省南阳市', '15136984265', '412822199411016235', '15645@qq.com', '54564686', '15136894798', '476855', '头发很好', 100, 1, '2017-12-30 12:56:54', 0),
	(21, '假的', '男', '2017-12-30 00:00:00', '河南省郑州市', '15138915615', '412822199411016236', '45254@qq.com', '6666666', '15639987456', '473600', '故意', 100, 1, '2017-12-30 13:36:18', 0),
	(22, '张三1', '男', '2017-12-30 00:00:00', '河南省郑州市', '15138956655', '412822199411016236', '45254@qq.com', '6666666', '15639987456', '473600', '态度', 100, 1, '2017-12-30 13:37:35', 0),
	(23, '假的', '男', '2017-12-30 00:00:00', '河南省郑州市', '15138915655', '412822199411016236', '45254@qq.com', '6666666', '15639987456', '473600', '多喝点水', 100, 1, '2017-12-30 13:43:48', 0),
	(24, '假的', '男', '2017-12-30 00:00:00', '河南省郑州市', '15138998416', '412822199411016236', '54165@qq.com', '6666666', '15639987456', '473600', '热一会热', 100, 1, '2017-12-30 13:45:35', 0),
	(25, '张三', '男', '2017-12-30 00:00:00', '河南省郑州市', '15138981564', '412822199411016236', '54165@qq.com', '6666666', '15639987456', '473600', '问个事', 100, 1, '2017-12-30 13:47:09', 0),
	(26, '假的', '男', '2017-12-30 00:00:00', '河南省郑州市', '15138985665', '412822199411016236', '45254@qq.com', '666666655', '15639987456', '473600', '等多家', 100, 1, '2017-12-30 13:49:59', 0),
	(27, '假的', '男', '2017-12-30 00:00:00', '河南省郑州市', '15138981565', '412822199411016236', '45254@qq.com', '6666666', '15639987456', '473600', 'RTDHTH', 100, 1, '2017-12-30 13:53:39', 0),
	(28, '假的', '男', '2017-12-30 00:00:00', '河南省郑州市', '15138945685', '412822199411016236', '45254@qq.com', '6666666', '15639987456', '473600', '得个', 100, 1, '2017-12-30 13:58:09', 0),
	(29, '假的', '男', '2017-12-30 00:00:00', '河南省郑州市', '15138945664', '412822199411016236', '45254@qq.com', '6666666', '15639987456', '473600', '而一个是', 100, 1, '2017-12-30 14:00:07', 0),
	(30, '假的', '男', '2017-12-30 00:00:00', '河南省郑州市', '15138915657', '412822199411016236', '45254@qq.com', '6666666', '15639987456', '473600', '挺符合', 100, 1, '2017-12-30 14:01:03', 0),
	(31, '假的个', '男', '2017-12-30 00:00:00', '福建阿双方尽快', '15138916454', '412822199411016236', '45254@qq.com', '666666655', '15639987456', '563247', '附加费', 100, 1, '2017-12-30 14:08:05', 0),
	(32, '假的分', '男', '2017-12-30 00:00:00', '福建阿双方尽快', '15138954565', '412822199411016236', '45254@qq.com', '1235454155', '15639987456', '563247', '文案多发', 100, 1, '2017-12-30 14:10:54', 0),
	(33, '张三', '男', '2017-12-30 00:00:00', '河南省郑州市', '15138954564', '412822199411016236', '54165@qq.com', '1235454155', '15639987456', '563247', '如图', 100, 1, '2017-12-30 14:18:59', 0),
	(34, '假的看', '男', '2017-12-30 00:00:00', '福建阿双方尽快', '15138915655', '412822199411016236', '54165@qq.com', '4444444', '15639987456', '563247', '乙方根据', 100, 1, '2017-12-30 14:20:14', 0),
	(35, '假的看得个', '男', '2017-12-30 00:00:00', '空间撒地上嗲', '15138915645', '412822199411016236', '45254@qq.com', '666666655', '15639987456', '563247', '多好多好', 100, 1, '2017-12-30 14:22:56', 0),
	(36, '假的看得个', '男', '2017-12-30 00:00:00', '福建阿双方尽快', '15138981565', '412822199411016236', '54165@qq.com', '666666655', '15639987456', '563247', '的黑乎乎的', 100, 1, '2017-12-30 14:32:54', 0),
	(37, '假的', '男', '2017-12-30 00:00:00', '河南省郑州市', '15138945454', '412822199411016236', '45254@qq.com', '666666655', '15639987456', '473600', '柔荑花', 100, 1, '2017-12-30 15:14:52', 0),
	(38, '假的', '男', '2017-12-30 00:00:00', '河南省郑州市', '15138954565', '412822199411016236', '45254@qq.com', '666666655', '15639987456', '473600', '柔荑花', 100, 1, '2017-12-30 15:15:08', 0),
	(39, '张三', '男', '2017-12-30 00:00:00', '福建阿双方尽快', '15138945544', '412822199411016236', '45254@qq.com', '6666666', '15639987456', '473600', '又可以发', 100, 1, '2017-12-30 15:16:51', 1),
	(40, '假的看得个', '男', '2017-12-30 00:00:00', '福建阿双方尽快', '15138945444', '412822199411016238', '54165@qq.com', '666666655', '15639987456', '473600', '改好价格已经', 100, 1, '2017-12-30 15:29:12', 0),
	(41, '皮皮熊', '男', '2017-12-30 00:00:00', '河南省郑州市', '15236984190', '412822199411016232', '45254@qq.com', '666666688', '15639987456', '473600', '仍特色', 100, 1, '2017-12-30 19:36:37', 0),
	(42, '皮皮虾', '男', '2017-12-30 00:00:00', '河南省郑州市', '15138984160', '412822199411016252', '45254@qq.com', '666666655', '15639987456', '473600', '阿达的', 100, 1, '2017-12-30 19:38:46', 1),
	(46, '黄山', '男', '2018-01-02 00:00:00', '河南省郑州市', '15138984160', '412822199411016214', '45254@qq.com', '1', '15639987456', '473600', '而我天天', 100, 1, '2018-01-02 12:58:13', 1),
	(47, '大熊', '男', '2018-01-03 00:00:00', '河南省郑州市', '15138984160', '412822199411225689', '45254@qq.com', '666666655', '15639987456', '473600', '4544548', 100, 1, '2018-01-03 13:39:34', 0),
	(48, '实验', '男', '2013-01-06 00:00:00', '河南省郑州市', '15138984168', '412822199411016256', '1545@qq.com', '13689524523', '15136987412', '473600', '快点吧', 174, 1, '2018-01-06 11:54:15', 1),
	(49, '吕布', '男', '2018-01-06 00:00:00', '河南省郑州市', '15138984160', '412822199411018456', '45254@qq.com', '666666655', '15639987456', '489700', '顾客顾客', 100, 1, '2018-01-06 20:43:05', 0),
	(50, '小铭', '女', '2018-01-08 00:00:00', '郑州', '15136406841', '410181201801088704', '973990828@qq.com', '973990828', '15136406841', '451200', '', 100, 1, '2018-01-08 16:01:25', 0),
	(51, '拿破仑', '男', '2017-11-06 00:00:00', '河南省开封市', '15638974165', '412822197211065634', '45254@qq.com', '78945678', '15639987456', '473600', '简单点', 100, 1, '2018-01-09 09:38:53', 0),
	(52, '阿萨', '男', '2018-01-09 00:00:00', '啊飒飒飒飒飒飒', '13243225125', '410928199410190711', '142424@qer.com', '1105339899', '13243225125', '457000', '飒飒', 100, 1, '2018-01-09 11:56:18', 0),
	(53, 'mm', '女', '2018-01-09 15:44:03', '河南省郑州市', '15135402843', '', NULL, NULL, NULL, NULL, NULL, 100, NULL, NULL, NULL);
/*!40000 ALTER TABLE `users` ENABLE KEYS */;

-- 导出  表 ankang.user_number 结构
CREATE TABLE IF NOT EXISTS `user_number` (
  `un_id` int(11) NOT NULL AUTO_INCREMENT COMMENT '账号编号，主键，唯一',
  `username` varchar(20) DEFAULT NULL COMMENT '账号名称（唯一）',
  `password` varchar(50) DEFAULT NULL COMMENT '账号密码',
  `un_pwdsalt` varchar(50) DEFAULT NULL COMMENT '找回密码',
  `un_nickname` varchar(50) DEFAULT NULL COMMENT '账号昵称',
  `r_id` int(11) DEFAULT NULL COMMENT '角色编号，外键',
  `un_state` int(11) DEFAULT '1' COMMENT '账号状态（0冻结，1正常）',
  `u_id` int(11) DEFAULT NULL COMMENT '对应用户，外键',
  PRIMARY KEY (`un_id`),
  UNIQUE KEY `username` (`username`),
  KEY `FK_user_number_role` (`r_id`),
  KEY `FK_user_number_users` (`u_id`),
  CONSTRAINT `FK_user_number_role` FOREIGN KEY (`r_id`) REFERENCES `role` (`r_id`),
  CONSTRAINT `FK_user_number_users` FOREIGN KEY (`u_id`) REFERENCES `users` (`u_id`)
) ENGINE=InnoDB AUTO_INCREMENT=58 DEFAULT CHARSET=utf8 COMMENT='用户账号信息表\r\n\r\n包括用户账号和管理员账号，员工账号';

-- 正在导出表  ankang.user_number 的数据：~22 rows (大约)
/*!40000 ALTER TABLE `user_number` DISABLE KEYS */;
INSERT INTO `user_number` (`un_id`, `username`, `password`, `un_pwdsalt`, `un_nickname`, `r_id`, `un_state`, `u_id`) VALUES
	(1, 'admin', 'admin', '15136406823', 'admin', 1, 1, 2),
	(2, 'bk', '666', '13674915436', '闷闷瓶', 3, 1, 3),
	(5, '小白2', '123', '13674915436', '闷闷瓶', 2, 1, 4),
	(6, '小白3', '123', '15138984190', '闷闷瓶', 2, 0, 5),
	(8, '小白5', '123', '15138984190', '闷闷瓶', 2, 1, 6),
	(9, '裴新智', '666', '15138984190', '闷闷瓶', 2, 1, 7),
	(10, '刘二凯', '666', '15138984190', '闷闷瓶', 2, 1, 8),
	(11, '小白8', '123', '15138984190', '闷闷瓶', 2, 1, 9),
	(13, '小白10', '123', '15138984190', '闷闷瓶', 2, 1, 10),
	(15, '小白12', '123', '15138984190', '闷闷瓶', 2, 1, 11),
	(16, '小白13', '111', '15138984190', '小白白', 2, 1, 12),
	(17, '016236', '016236', '15138984190', '016236', 2, 1, 13),
	(23, '26236', '16236', '15138984190', '5456', 3, 1, 15),
	(27, '16238', '16238', '15138984190', '默认昵称', 3, 1, 16),
	(34, '225689', '225689', '15138984190', '默认昵称', 3, 1, 47),
	(35, '2222', '222', '15138984190', '8888888', 1, 1, 39),
	(36, '333', '123', '15138984190', '傻子', 1, 1, 22),
	(47, '16256', '16256', '15138984190', '666', 3, 1, 48),
	(49, '2322', '123', '15136406841', '小保安', 3, 1, 50),
	(50, '65634', '65634', '15638974165', '默认昵称', 23, 1, 51),
	(51, '190711', '190711', '111', '默认昵称', 3, 1, 52),
	(57, '9', '9', '9', '9', 2, 1, NULL);
/*!40000 ALTER TABLE `user_number` ENABLE KEYS */;

/*!40101 SET SQL_MODE=IFNULL(@OLD_SQL_MODE, '') */;
/*!40014 SET FOREIGN_KEY_CHECKS=IF(@OLD_FOREIGN_KEY_CHECKS IS NULL, 1, @OLD_FOREIGN_KEY_CHECKS) */;
/*!40101 SET CHARACTER_SET_CLIENT=@OLD_CHARACTER_SET_CLIENT */;
